INSERT INTO `osce`.`administrator` (`email`, `name`, `pre_name`, `version`) VALUES ('foo@bar.com', 'Bar', 'Foo', '0');
INSERT INTO `osce`.`administrator` (`email`, `name`, `pre_name`, `version`) VALUES ('bar@foo.com', 'Foo', 'Bar', '0');
INSERT INTO `osce`.`administrator` (`email`, `name`, `pre_name`, `version`) VALUES ('hansruedi.meier@gmail.com', 'Meier', 'Hansruedi', '0');

INSERT INTO `osce`.`semester` (`semester`, `cal_year`, `version`) VALUES ('0', '2011', '0');

INSERT INTO `osce`.`administrator_semesters` (`administrators`, `semesters`) VALUES ('1', '1');
INSERT INTO `osce`.`administrator_semesters` (`administrators`, `semesters`) VALUES ('2', '1');

INSERT INTO `nationality` (id,nationality,version) VALUES (5,'Schweiz',0);
INSERT INTO `nationality` (id,nationality,version) VALUES (6,'Deutschland',0);
INSERT INTO `nationality` (id,nationality,version) VALUES (7,'Frankreich',0);

INSERT INTO `specialisation` (`id`, `name`, `version`) VALUES (1, 'Anästhesiologie', 0);
INSERT INTO `specialisation` (`id`, `name`, `version`) VALUES (2, 'Augenheilkunde', 0);
INSERT INTO `specialisation` (`id`, `name`, `version`) VALUES (3, 'Kardiologie', 0);
INSERT INTO `specialisation` (`id`, `name`, `version`) VALUES (4, 'Angiologie', 0);
INSERT INTO `specialisation` (`id`, `name`, `version`) VALUES (5, 'Gastroenterologie', 0);
INSERT INTO `specialisation` (`id`, `name`, `version`) VALUES (6, 'Hämatologie', 0);
INSERT INTO `specialisation` (`id`, `name`, `version`) VALUES (7, 'Onkologie', 0);
INSERT INTO `specialisation` (`id`, `name`, `version`) VALUES (8, 'Nephrologie', 0);
INSERT INTO `specialisation` (`id`, `name`, `version`) VALUES (9, 'Pneumologie', 0);
INSERT INTO `specialisation` (`id`, `name`, `version`) VALUES (10, 'Rheumatologie', 0);

INSERT INTO `clinic` (`id`, `city`, `name`, `postal_code`, `street`, `version`) VALUES (1, 'Aarau', 'Aarauklinik', 4058, 'Nadelberg 95', 0);
INSERT INTO `clinic` (`id`, `city`, `name`, `postal_code`, `street`, `version`) VALUES (2, 'Aarberg', 'Aarbergklinik', 4037, 'Nasenweg 45', 0);
INSERT INTO `clinic` (`id`, `city`, `name`, `postal_code`, `street`, `version`) VALUES (3, 'Abtwil', 'Abtwilklinik', 4498, 'Nauenstrasse 65', 0);
INSERT INTO `clinic` (`id`, `city`, `name`, `postal_code`, `street`, `version`) VALUES (4, 'Achseten', 'Achsetenklinik', 4496, 'Nenzlingerstrasse 147', 0);
INSERT INTO `clinic` (`id`, `city`, `name`, `postal_code`, `street`, `version`) VALUES (5, 'Ackersand', 'Ackersandklinik', 4168, 'Neubadstrasse 15', 0);
INSERT INTO `clinic` (`id`, `city`, `name`, `postal_code`, `street`, `version`) VALUES (6, 'Acquarossa', 'Acquarossaklinik', 4176, 'Neuensteinerstrasse 62', 0);
INSERT INTO `clinic` (`id`, `city`, `name`, `postal_code`, `street`, `version`) VALUES (7, 'Adelboden', 'Adelbodenklinik', 4356, 'Neuhausstrasse 3', 0);
INSERT INTO `clinic` (`id`, `city`, `name`, `postal_code`, `street`, `version`) VALUES (8, 'Adligenswil', 'Adligenswilklinik', 4132, 'Neuweilerplatz 41', 0);
INSERT INTO `clinic` (`id`, `city`, `name`, `postal_code`, `street`, `version`) VALUES (9, 'Aesch', 'Aeschklinik', 4347, 'Neuweilerstrasse 78', 0);
INSERT INTO `clinic` (`id`, `city`, `name`, `postal_code`, `street`, `version`) VALUES (10, 'Aeschi', 'Aeschiklinik', 4458, 'Nidwaldnerstrasse 38', 0);
INSERT INTO `clinic` (`id`, `city`, `name`, `postal_code`, `street`, `version`) VALUES (11, 'Aeschlen', 'Aeschlenklinik', 4209, 'Nonnenweg 146', 0);
INSERT INTO `clinic` (`id`, `city`, `name`, `postal_code`, `street`, `version`) VALUES (12, 'Aeugst', 'Aeugstklinik', 4353, 'Novarastrasse 95', 0);
INSERT INTO `clinic` (`id`, `city`, `name`, `postal_code`, `street`, `version`) VALUES (13, 'Affoltern', 'Affolternklinik', 4497, 'Nufenenstrasse 138', 0);
INSERT INTO `clinic` (`id`, `city`, `name`, `postal_code`, `street`, `version`) VALUES (14, 'Agarn', 'Agarnklinik', 4329, 'Naefelserstrasse 107', 0);
INSERT INTO `clinic` (`id`, `city`, `name`, `postal_code`, `street`, `version`) VALUES (15, 'Bex', 'Bexklinik', 4293, 'Rheinweg 145', 0);
INSERT INTO `clinic` (`id`, `city`, `name`, `postal_code`, `street`, `version`) VALUES (16, 'Biasca', 'Biascaklinik', 4116, 'Oberwilerstrasse 147', 0);
INSERT INTO `clinic` (`id`, `city`, `name`, `postal_code`, `street`, `version`) VALUES (17, 'Biaufond', 'Biaufondklinik', 4040, 'Obwaldnerstrasse 37', 0);
INSERT INTO `clinic` (`id`, `city`, `name`, `postal_code`, `street`, `version`) VALUES (18, 'Biel', 'Bielklinik', 4144, 'Ochsengasse 102', 0);
INSERT INTO `clinic` (`id`, `city`, `name`, `postal_code`, `street`, `version`) VALUES (19, 'Biere', 'Biereklinik', 4074, 'Oekolampadstrasse 60', 0);
INSERT INTO `clinic` (`id`, `city`, `name`, `postal_code`, `street`, `version`) VALUES (20, 'Bigogno', 'Bigognoklinik', 4098, 'Oetlingerstrasse 54', 0);
INSERT INTO `clinic` (`id`, `city`, `name`, `postal_code`, `street`, `version`) VALUES (21, 'Binningen', 'Binningenklinik', 4234, 'Offenburgerstrasse 35', 0);
INSERT INTO `clinic` (`id`, `city`, `name`, `postal_code`, `street`, `version`) VALUES (22, 'Bioggio', 'Bioggioklinik', 4454, 'Oltingerstrasse 133', 0);
INSERT INTO `clinic` (`id`, `city`, `name`, `postal_code`, `street`, `version`) VALUES (23, 'Bischofszell', 'Bischofszellklinik', 4419, 'Ormalingerweg 28', 0);
INSERT INTO `clinic` (`id`, `city`, `name`, `postal_code`, `street`, `version`) VALUES (24, 'Bissone', 'Bissoneklinik', 4215, 'Ochs-Str. 90', 0);
INSERT INTO `clinic` (`id`, `city`, `name`, `postal_code`, `street`, `version`) VALUES (25, 'Bivio', 'Bivioklinik', 4491, 'Merian-Str. 134', 0);
INSERT INTO `clinic` (`id`, `city`, `name`, `postal_code`, `street`, `version`) VALUES (26, 'Blatten', 'Blattenklinik', 4316, 'Palmenstrasse 79', 0);
INSERT INTO `clinic` (`id`, `city`, `name`, `postal_code`, `street`, `version`) VALUES (27, 'Blausee', 'Blauseeklinik', 4305, 'Paracelsusstrasse 22', 0);
INSERT INTO `clinic` (`id`, `city`, `name`, `postal_code`, `street`, `version`) VALUES (28, 'Blitzingen', 'Blitzingenklinik', 4344, 'Paradieshofstrasse 36', 0);
INSERT INTO `clinic` (`id`, `city`, `name`, `postal_code`, `street`, `version`) VALUES (29, 'Blonay', 'Blonayklinik', 4151, 'Parkweg 90', 0);
INSERT INTO `clinic` (`id`, `city`, `name`, `postal_code`, `street`, `version`) VALUES (30, 'Bluche', 'Blucheklinik', 4323, 'Passwangstrasse 147', 0);
INSERT INTO `clinic` (`id`, `city`, `name`, `postal_code`, `street`, `version`) VALUES (31, 'Bodio', 'Bodioklinik', 4197, 'Paul 124', 0);
INSERT INTO `clinic` (`id`, `city`, `name`, `postal_code`, `street`, `version`) VALUES (32, 'Bogis-Bossey', 'Bogis-Bosseyklinik', 4303, 'Pfeffergaesslein 46', 0);
INSERT INTO `clinic` (`id`, `city`, `name`, `postal_code`, `street`, `version`) VALUES (33, 'Dachsen', 'Dachsenklinik', 4474, 'Pfeffingerstrasse 25', 0);
INSERT INTO `clinic` (`id`, `city`, `name`, `postal_code`, `street`, `version`) VALUES (34, 'Dallikon', 'Dallikonklinik', 4067, 'Pfirtergasse 105', 0);
INSERT INTO `clinic` (`id`, `city`, `name`, `postal_code`, `street`, `version`) VALUES (35, 'Dangio', 'Dangioklinik', 4447, 'Pfluggüsslein 27', 0);
INSERT INTO `clinic` (`id`, `city`, `name`, `postal_code`, `street`, `version`) VALUES (36, 'Darligen', 'Darligenklinik', 4258, 'Picassoplatz 71', 0);
INSERT INTO `clinic` (`id`, `city`, `name`, `postal_code`, `street`, `version`) VALUES (37, 'Davos', 'Davosklinik', 4204, 'Pilatusstrasse 137', 0);
INSERT INTO `clinic` (`id`, `city`, `name`, `postal_code`, `street`, `version`) VALUES (38, 'Wolfgang', 'Wolfgangklinik', 4011, 'Postpassage 146', 0);
INSERT INTO `clinic` (`id`, `city`, `name`, `postal_code`, `street`, `version`) VALUES (39, 'Deisswil', 'Deisswilklinik', 4240, 'Prag-Str. 120', 0);
INSERT INTO `clinic` (`id`, `city`, `name`, `postal_code`, `street`, `version`) VALUES (40, 'Delemont', 'Delemontklinik', 4352, 'Prattelerstrasse 104', 0);
INSERT INTO `clinic` (`id`, `city`, `name`, `postal_code`, `street`, `version`) VALUES (41, 'Diablerets,', 'Diablerets,klinik', 4426, 'Predigerhofstrasse 103', 0);
INSERT INTO `clinic` (`id`, `city`, `name`, `postal_code`, `street`, `version`) VALUES (42, 'Les', 'Lesklinik', 4413, 'Pruntruterstrasse 108', 0);
INSERT INTO `clinic` (`id`, `city`, `name`, `postal_code`, `street`, `version`) VALUES (43, 'Ebnat', 'Ebnatklinik', 4488, 'Ramsteinerstrasse 37', 0);
INSERT INTO `clinic` (`id`, `city`, `name`, `postal_code`, `street`, `version`) VALUES (44, 'Effretikon', 'Effretikonklinik', 4090, 'Rappoltshof 37', 0);
INSERT INTO `clinic` (`id`, `city`, `name`, `postal_code`, `street`, `version`) VALUES (45, 'Egerkingen', 'Egerkingenklinik', 4045, 'Rastatterstrasse 123', 0);
INSERT INTO `clinic` (`id`, `city`, `name`, `postal_code`, `street`, `version`) VALUES (46, 'Eggerberg', 'Eggerbergklinik', 4396, 'Realpstrasse 148', 0);
INSERT INTO `clinic` (`id`, `city`, `name`, `postal_code`, `street`, `version`) VALUES (47, 'Eggiwil', 'Eggiwilklinik', 4496, 'Rebgasse 147', 0);
INSERT INTO `clinic` (`id`, `city`, `name`, `postal_code`, `street`, `version`) VALUES (48, 'Eglisau', 'Eglisauklinik', 4102, 'Redingstrasse 79', 0);
INSERT INTO `clinic` (`id`, `city`, `name`, `postal_code`, `street`, `version`) VALUES (49, 'Eich', 'Eichklinik', 4193, 'Rehhagstrasse 58', 0);

INSERT INTO `office` (`id`, `email`, `gender`, `name`, `pre_name`, `telephone`, `title`, `version`) VALUES (1, 'LenKor@gmail.com', 1, 'Kortum', 'Lena', '+61 924 34 65', '0', 0);
INSERT INTO `office` (`id`, `email`, `gender`, `name`, `pre_name`, `telephone`, `title`, `version`) VALUES (2, 'LarKor@gmail.com', 1, 'Korole', 'Lara', '+61 408 43 32', '0', 0);
INSERT INTO `office` (`id`, `email`, `gender`, `name`, `pre_name`, `telephone`, `title`, `version`) VALUES (3, 'LauKor@gmail.com', 1, 'Kornacker', 'Laura', '+61 136 58 21', '0', 0);
INSERT INTO `office` (`id`, `email`, `gender`, `name`, `pre_name`, `telephone`, `title`, `version`) VALUES (4, 'SarKor@gmail.com', 1, 'Korjenic', 'Sarah', '+61 645 06 59', '0', 0);
INSERT INTO `office` (`id`, `email`, `gender`, `name`, `pre_name`, `telephone`, `title`, `version`) VALUES (5, 'MarKor@gmail.com', 1, 'Korgawir', 'Marie', '+61 559 84 94', '0', 0);
INSERT INTO `office` (`id`, `email`, `gender`, `name`, `pre_name`, `telephone`, `title`, `version`) VALUES (6, 'EmiKop@gmail.com', 1, 'Koppel', 'Emily ', '+61 553 26 58', '0', 0);
INSERT INTO `office` (`id`, `email`, `gender`, `name`, `pre_name`, `telephone`, `title`, `version`) VALUES (7, 'EmmKop@gmail.com', 1, 'Koppauner', 'Emma', '+61 931 97 81', '0', 0);
INSERT INTO `office` (`id`, `email`, `gender`, `name`, `pre_name`, `telephone`, `title`, `version`) VALUES (8, 'LilKop@gmail.com', 1, 'Kopp', 'Lilli ', '+61 367 81 82', '0', 0);
INSERT INTO `office` (`id`, `email`, `gender`, `name`, `pre_name`, `telephone`, `title`, `version`) VALUES (9, 'SopKon@gmail.com', 1, 'Konietzko', 'Sophie ', '+61 843 22 88', '0', 0);
INSERT INTO `office` (`id`, `email`, `gender`, `name`, `pre_name`, `telephone`, `title`, `version`) VALUES (10, 'JohKon@gmail.com', 1, 'Konecki', 'Johanna', '+61 103 21 73', '0', 0);
INSERT INTO `office` (`id`, `email`, `gender`, `name`, `pre_name`, `telephone`, `title`, `version`) VALUES (11, 'JulKon@gmail.com', 1, 'Konang', 'Julia', '+61 906 75 80', '0', 0);
INSERT INTO `office` (`id`, `email`, `gender`, `name`, `pre_name`, `telephone`, `title`, `version`) VALUES (12, 'MiaHel@gmail.com', 1, 'Helmbold', 'Mia', '+61 753 03 25', '0', 0);
INSERT INTO `office` (`id`, `email`, `gender`, `name`, `pre_name`, `telephone`, `title`, `version`) VALUES (13, 'NelHel@gmail.com', 1, 'Helm', 'Nele', '+61 697 84 65', '0', 0);
INSERT INTO `office` (`id`, `email`, `gender`, `name`, `pre_name`, `telephone`, `title`, `version`) VALUES (14, 'LinHel@gmail.com', 1, 'Hellingrath', 'Lina', '+61 984 43 52', '0', 0);
INSERT INTO `office` (`id`, `email`, `gender`, `name`, `pre_name`, `telephone`, `title`, `version`) VALUES (15, 'AliHel@gmail.com', 1, 'Heller', 'Alina', '+61 292 50 59', '0', 0);
INSERT INTO `office` (`id`, `email`, `gender`, `name`, `pre_name`, `telephone`, `title`, `version`) VALUES (16, 'LisHel@gmail.com', 1, 'Hellebart', 'Lisa', '+61 193 31 73', '0', 0);
INSERT INTO `office` (`id`, `email`, `gender`, `name`, `pre_name`, `telephone`, `title`, `version`) VALUES (17, 'SopHel@gmail.com', 1, 'Heldt', 'Sophia ', '+61 828 39 60', '0', 0);
INSERT INTO `office` (`id`, `email`, `gender`, `name`, `pre_name`, `telephone`, `title`, `version`) VALUES (18, 'AmeHel@gmail.com', 1, 'Held', 'Amelie', '+61 295 96 77', '0', 0);
INSERT INTO `office` (`id`, `email`, `gender`, `name`, `pre_name`, `telephone`, `title`, `version`) VALUES (19, 'LuiHek@gmail.com', 1, 'Hekelmann', 'Luisa', '+61 969 38 11', '0', 0);
INSERT INTO `office` (`id`, `email`, `gender`, `name`, `pre_name`, `telephone`, `title`, `version`) VALUES (20, 'MajHei@gmail.com', 1, 'Heise', 'Maja ', '+61 692 06 65', '0', 0);
INSERT INTO `office` (`id`, `email`, `gender`, `name`, `pre_name`, `telephone`, `title`, `version`) VALUES (21, 'JanHei@gmail.com', 1, 'Heinsohn', 'Jana', '+61 776 66 39', '0', 0);
INSERT INTO `office` (`id`, `email`, `gender`, `name`, `pre_name`, `telephone`, `title`, `version`) VALUES (22, 'JasHei@gmail.com', 1, 'Heinen', 'Jasmin', '+61 795 27 75', '0', 0);
INSERT INTO `office` (`id`, `email`, `gender`, `name`, `pre_name`, `telephone`, `title`, `version`) VALUES (23, 'ClaHei@gmail.com', 1, 'Hein', 'Clara', '+61 880 33 72', '0', 0);
INSERT INTO `office` (`id`, `email`, `gender`, `name`, `pre_name`, `telephone`, `title`, `version`) VALUES (24, 'PauHei@gmail.com', 1, 'Heimig', 'Paula', '+61 218 05 15', '0', 0);
INSERT INTO `office` (`id`, `email`, `gender`, `name`, `pre_name`, `telephone`, `title`, `version`) VALUES (25, 'KatHei@gmail.com', 1, 'Heimbärger', 'Katharina', '+61 898 77 25', '0', 0);
INSERT INTO `office` (`id`, `email`, `gender`, `name`, `pre_name`, `telephone`, `title`, `version`) VALUES (26, 'ChaHei@gmail.com', 1, 'Heimann', 'Charlotte', '+61 598 84 29', '0', 0);
INSERT INTO `office` (`id`, `email`, `gender`, `name`, `pre_name`, `telephone`, `title`, `version`) VALUES (27, 'PiaHei@gmail.com', 1, 'Heim', 'Pia', '+61 593 35 86', '0', 0);
INSERT INTO `office` (`id`, `email`, `gender`, `name`, `pre_name`, `telephone`, `title`, `version`) VALUES (28, 'JosHei@gmail.com', 1, 'Heiligers', 'Josephine', '+61 631 17 70', '0', 0);
INSERT INTO `office` (`id`, `email`, `gender`, `name`, `pre_name`, `telephone`, `title`, `version`) VALUES (29, 'ChiHeh@gmail.com', 1, 'Hehrein', 'Chiara', '+61 862 56 16', '0', 0);
INSERT INTO `office` (`id`, `email`, `gender`, `name`, `pre_name`, `telephone`, `title`, `version`) VALUES (30, 'AnnHeh@gmail.com', 1, 'Hehr', 'Annika', '+61 239 63 23', '0', 0);
INSERT INTO `office` (`id`, `email`, `gender`, `name`, `pre_name`, `telephone`, `title`, `version`) VALUES (31, 'AntHee@gmail.com', 1, 'Heeschen', 'Antonia', '+61 783 70 04', '0', 0);
INSERT INTO `office` (`id`, `email`, `gender`, `name`, `pre_name`, `telephone`, `title`, `version`) VALUES (32, 'FinHee@gmail.com', 1, 'Heep', 'Finja', '+61 565 93 36', '0', 0);
INSERT INTO `office` (`id`, `email`, `gender`, `name`, `pre_name`, `telephone`, `title`, `version`) VALUES (33, 'CelHed@gmail.com', 1, 'Hedrischke', 'Celina', '+61 487 43 11', '0', 0);
INSERT INTO `office` (`id`, `email`, `gender`, `name`, `pre_name`, `telephone`, `title`, `version`) VALUES (34, 'EmiHau@gmail.com', 1, 'Hausner', 'Emilia', '+61 271 82 89', '0', 0);
INSERT INTO `office` (`id`, `email`, `gender`, `name`, `pre_name`, `telephone`, `title`, `version`) VALUES (35, 'AngHau@gmail.com', 1, 'Hausburg', 'Angelina', '+61 300 33 17', '0', 0);
INSERT INTO `office` (`id`, `email`, `gender`, `name`, `pre_name`, `telephone`, `title`, `version`) VALUES (36, 'JulHau@gmail.com', 1, 'Haun', 'Jule', '+61 682 53 49', '0', 0);
INSERT INTO `office` (`id`, `email`, `gender`, `name`, `pre_name`, `telephone`, `title`, `version`) VALUES (37, 'MelGra@gmail.com', 1, 'Gras', 'Melina', '+61 645 17 52', '0', 0);
INSERT INTO `office` (`id`, `email`, `gender`, `name`, `pre_name`, `telephone`, `title`, `version`) VALUES (38, 'VanGra@gmail.com', 1, 'Grap', 'Vanessa', '+61 229 11 36', '0', 0);
INSERT INTO `office` (`id`, `email`, `gender`, `name`, `pre_name`, `telephone`, `title`, `version`) VALUES (39, 'VicGrä@gmail.com', 1, 'Gräfen', 'Victoria', '+61 226 21 99', '0', 0);
INSERT INTO `office` (`id`, `email`, `gender`, `name`, `pre_name`, `telephone`, `title`, `version`) VALUES (40, 'MicGra@gmail.com', 1, 'Graf', 'Michelle', '+61 167 86 60', '0', 0);
INSERT INTO `office` (`id`, `email`, `gender`, `name`, `pre_name`, `telephone`, `title`, `version`) VALUES (41, 'LucGra@gmail.com', 1, 'Grabowski', 'Lucy', '+61 711 20 69', '0', 0);
INSERT INTO `office` (`id`, `email`, `gender`, `name`, `pre_name`, `telephone`, `title`, `version`) VALUES (42, 'NinGra@gmail.com', 1, 'Grabow', 'Nina', '+61 771 68 29', '0', 0);
INSERT INTO `office` (`id`, `email`, `gender`, `name`, `pre_name`, `telephone`, `title`, `version`) VALUES (43, 'CelGra@gmail.com', 1, 'Grabosch', 'Celine', '+61 486 55 52', '0', 0);
INSERT INTO `office` (`id`, `email`, `gender`, `name`, `pre_name`, `telephone`, `title`, `version`) VALUES (44, 'EmeGra@gmx.ch', 1, 'Grabenschweiger', 'Emely', '+61 323 07 08', '0', 0);
INSERT INTO `office` (`id`, `email`, `gender`, `name`, `pre_name`, `telephone`, `title`, `version`) VALUES (45, 'FraGou@gmx.ch', 1, 'Gourg', 'Franziska', '+61 733 46 69', '0', 0);
INSERT INTO `office` (`id`, `email`, `gender`, `name`, `pre_name`, `telephone`, `title`, `version`) VALUES (46, 'IsaGot@gmx.ch', 1, 'Gottwald', 'Isabel', '+61 634 60 24', '0', 0);
INSERT INTO `office` (`id`, `email`, `gender`, `name`, `pre_name`, `telephone`, `title`, `version`) VALUES (47, 'CarGot@gmx.ch', 1, 'Gottschlich', 'Carolin', '+61 937 63 61', '0', 0);
INSERT INTO `office` (`id`, `email`, `gender`, `name`, `pre_name`, `telephone`, `title`, `version`) VALUES (48, 'MarGot@gmx.ch', 1, 'Gothke', 'Maria', '+61 504 20 99', '0', 0);
INSERT INTO `office` (`id`, `email`, `gender`, `name`, `pre_name`, `telephone`, `title`, `version`) VALUES (49, 'PauGos@gmx.ch', 1, 'Gossen', 'Pauline', '+61 695 57 17', '0', 0);
INSERT INTO `office` (`id`, `email`, `gender`, `name`, `pre_name`, `telephone`, `title`, `version`) VALUES (50, 'MelGos@gmx.ch', 1, 'Gossel', 'Melissa', '+61 559 26 21', '0', 0);
INSERT INTO `office` (`id`, `email`, `gender`, `name`, `pre_name`, `telephone`, `title`, `version`) VALUES (51, 'MarGor@gmx.ch', 1, 'Gortz', 'Marlene', '+61 911 45 27', '0', 0);
INSERT INTO `office` (`id`, `email`, `gender`, `name`, `pre_name`, `telephone`, `title`, `version`) VALUES (52, 'AmyGor@gmx.ch', 1, 'Gorn', 'Amy', '+61 138 62 88', '0', 0);
INSERT INTO `office` (`id`, `email`, `gender`, `name`, `pre_name`, `telephone`, `title`, `version`) VALUES (53, 'GreGoo@gmx.ch', 1, 'Goomann', 'Greta', '+61 753 32 96', '0', 0);
INSERT INTO `office` (`id`, `email`, `gender`, `name`, `pre_name`, `telephone`, `title`, `version`) VALUES (54, 'MerFil@gmx.ch', 1, 'Filke', 'Merle', '+61 471 75 47', '0', 0);
INSERT INTO `office` (`id`, `email`, `gender`, `name`, `pre_name`, `telephone`, `title`, `version`) VALUES (55, 'EilFig@gmx.ch', 1, 'Figge', 'Eileen', '+61 623 66 82', '0', 0);
INSERT INTO `office` (`id`, `email`, `gender`, `name`, `pre_name`, `telephone`, `title`, `version`) VALUES (56, 'SelFig@gmx.ch', 1, 'Figanschek', 'Selina', '+61 703 14 56', '0', 0);
INSERT INTO `office` (`id`, `email`, `gender`, `name`, `pre_name`, `telephone`, `title`, `version`) VALUES (57, 'RonFie@gmx.ch', 1, 'Fietzek', 'Ronja', '+61 814 29 69', '0', 0);
INSERT INTO `office` (`id`, `email`, `gender`, `name`, `pre_name`, `telephone`, `title`, `version`) VALUES (58, 'VivFic@gmx.ch', 1, 'Ficker', 'Vivien', '+61 482 09 20', '0', 0);
INSERT INTO `office` (`id`, `email`, `gender`, `name`, `pre_name`, `telephone`, `title`, `version`) VALUES (59, 'HelFic@gmx.ch', 1, 'Fichter', 'Helena', '+61 887 75 23', '0', 0);
INSERT INTO `office` (`id`, `email`, `gender`, `name`, `pre_name`, `telephone`, `title`, `version`) VALUES (60, 'SinFia@gmx.ch', 1, 'Fiaka', 'Sina', '+61 844 91 01', '0', 0);

INSERT INTO `doctor` (`id`, `email`, `gender`, `is_active`, `name`, `pre_name`, `telephone`, `title`, `version`, `clinic`, `office`, `specialisation`) VALUES (1, 'EmiSch@gmx.ch', 0, 1, 'Schommertz', 'Emil', '+61 422 28 47', 'M.D', 0, 38, 1, 7);
INSERT INTO `doctor` (`id`, `email`, `gender`, `is_active`, `name`, `pre_name`, `telephone`, `title`, `version`, `clinic`, `office`, `specialisation`) VALUES (2, 'JohSch@gmx.ch', 0, 1, 'Schonbacher', 'Johann', '+61 537 41 30', 'M.D', 0, 33, 2, 10);
INSERT INTO `doctor` (`id`, `email`, `gender`, `is_active`, `name`, `pre_name`, `telephone`, `title`, `version`, `clinic`, `office`, `specialisation`) VALUES (3, 'BenSch@gmx.ch', 0, 1, 'Schonhoff', 'Benedikt', '+61 134 27 45', 'M.D', 0, 16, 3, 7);
INSERT INTO `doctor` (`id`, `email`, `gender`, `is_active`, `name`, `pre_name`, `telephone`, `title`, `version`, `clinic`, `office`, `specialisation`) VALUES (4, 'BasSch@gmx.ch', 0, 1, 'Schoning', 'Bastian', '+61 196 61 81', 'M.D', 0, 30, 4, 7);
INSERT INTO `doctor` (`id`, `email`, `gender`, `is_active`, `name`, `pre_name`, `telephone`, `title`, `version`, `clinic`, `office`, `specialisation`) VALUES (5, 'BenSch@gmx.ch', 0, 1, 'Schoo', 'Bennet', '+61 645 80 08', 'M.D', 0, 24, 5, 4);
INSERT INTO `doctor` (`id`, `email`, `gender`, `is_active`, `name`, `pre_name`, `telephone`, `title`, `version`, `clinic`, `office`, `specialisation`) VALUES (6, 'MalSch@gmx.ch', 0, 1, 'Schopp', 'Malik', '+61 986 55 78', 'M.D', 0, 41, 6, 7);
INSERT INTO `doctor` (`id`, `email`, `gender`, `is_active`, `name`, `pre_name`, `telephone`, `title`, `version`, `clinic`, `office`, `specialisation`) VALUES (7, 'MarSch@gmx.ch', 0, 1, 'Schott', 'Marco', '+61 521 87 91', 'M.D', 0, 4, 7, 4);
INSERT INTO `doctor` (`id`, `email`, `gender`, `is_active`, `name`, `pre_name`, `telephone`, `title`, `version`, `clinic`, `office`, `specialisation`) VALUES (8, 'SamSch@gmx.ch', 0, 1, 'Schroll', 'Samuel', '+61 488 55 98', 'M.D', 0, 40, 8, 3);
INSERT INTO `doctor` (`id`, `email`, `gender`, `is_active`, `name`, `pre_name`, `telephone`, `title`, `version`, `clinic`, `office`, `specialisation`) VALUES (9, 'LevSch@gmx.ch', 0, 1, 'Schroter', 'Levin', '+61 370 69 16', 'M.D', 0, 31, 9, 9);
INSERT INTO `doctor` (`id`, `email`, `gender`, `is_active`, `name`, `pre_name`, `telephone`, `title`, `version`, `clinic`, `office`, `specialisation`) VALUES (10, 'LukSch@gmx.ch', 0, 1, 'Schräcker', 'Luke', '+61 839 41 07', 'M.D', 0, 38, 10, 6);
INSERT INTO `doctor` (`id`, `email`, `gender`, `is_active`, `name`, `pre_name`, `telephone`, `title`, `version`, `clinic`, `office`, `specialisation`) VALUES (11, 'MaxSch@gmx.ch', 0, 1, 'Schubert', 'Maxim', '+61 602 74 60', 'M.D', 0, 21, 11, 9);
INSERT INTO `doctor` (`id`, `email`, `gender`, `is_active`, `name`, `pre_name`, `telephone`, `title`, `version`, `clinic`, `office`, `specialisation`) VALUES (12, 'CedSch@gmx.ch', 0, 1, 'Schuckert', 'Cedric', '+61 891 67 10', 'D.D.S.', 0, 10, 12, 3);
INSERT INTO `doctor` (`id`, `email`, `gender`, `is_active`, `name`, `pre_name`, `telephone`, `title`, `version`, `clinic`, `office`, `specialisation`) VALUES (13, 'GabSch@gmx.ch', 0, 1, 'Schulwitz', 'Gabriel', '+61 257 13 66', 'D.D.S.', 0, 1, 13, 4);
INSERT INTO `doctor` (`id`, `email`, `gender`, `is_active`, `name`, `pre_name`, `telephone`, `title`, `version`, `clinic`, `office`, `specialisation`) VALUES (14, 'NoeSch@gmx.ch', 0, 1, 'Schum', 'Noel', '+61 438 22 89', 'D.D.S.', 0, 3, 14, 4);
INSERT INTO `doctor` (`id`, `email`, `gender`, `is_active`, `name`, `pre_name`, `telephone`, `title`, `version`, `clinic`, `office`, `specialisation`) VALUES (15, 'FabSch@gmx.ch', 0, 1, 'Schoppscheck', 'Fabio', '+61 818 75 34', 'D.D.S.', 0, 21, 15, 6);
INSERT INTO `doctor` (`id`, `email`, `gender`, `is_active`, `name`, `pre_name`, `telephone`, `title`, `version`, `clinic`, `office`, `specialisation`) VALUES (16, 'NicSch@gmx.ch', 0, 1, 'Schuzek', 'Nick', '+61 384 44 13', 'D.D.S.', 0, 48, 16, 9);
INSERT INTO `doctor` (`id`, `email`, `gender`, `is_active`, `name`, `pre_name`, `telephone`, `title`, `version`, `clinic`, `office`, `specialisation`) VALUES (17, 'JerSch@gmx.ch', 0, 1, 'Schwan', 'Jeremy', '+61 660 17 70', 'D.D.S.', 0, 6, 17, 7);
INSERT INTO `doctor` (`id`, `email`, `gender`, `is_active`, `name`, `pre_name`, `telephone`, `title`, `version`, `clinic`, `office`, `specialisation`) VALUES (18, 'MicSch@gmx.ch', 0, 1, 'Schwarzenberger', 'Michael', '+61 976 68 55', 'D.D.S.', 0, 13, 18, 2);
INSERT INTO `doctor` (`id`, `email`, `gender`, `is_active`, `name`, `pre_name`, `telephone`, `title`, `version`, `clinic`, `office`, `specialisation`) VALUES (19, 'JanSch@gmx.ch', 0, 1, 'Schweigger', 'Jannes', '+61 532 95 91', 'D.D.S.', 0, 8, 19, 8);
INSERT INTO `doctor` (`id`, `email`, `gender`, `is_active`, `name`, `pre_name`, `telephone`, `title`, `version`, `clinic`, `office`, `specialisation`) VALUES (20, 'PhiSch@gmx.ch', 0, 1, 'Schwellnuss', 'Phil', '+61 906 06 33', 'D.D.S.', 0, 18, 20, 8);
INSERT INTO `doctor` (`id`, `email`, `gender`, `is_active`, `name`, `pre_name`, `telephone`, `title`, `version`, `clinic`, `office`, `specialisation`) VALUES (21, 'HenSck@gmx.ch', 0, 1, 'Sckel', 'Hendrik', '+61 292 15 48', 'D.D.S.', 0, 25, 21, 6);
INSERT INTO `doctor` (`id`, `email`, `gender`, `is_active`, `name`, `pre_name`, `telephone`, `title`, `version`, `clinic`, `office`, `specialisation`) VALUES (22, 'KaaSeb@gmx.ch', 0, 1, 'Sebestik', 'Kaan', '+61 149 72 70', 'D.D.S.', 0, 7, 22, 2);
INSERT INTO `doctor` (`id`, `email`, `gender`, `is_active`, `name`, `pre_name`, `telephone`, `title`, `version`, `clinic`, `office`, `specialisation`) VALUES (23, 'RicSec@gmx.ch', 0, 1, 'Seck', 'Richard', '+61 422 80 52', 'D.M.D.', 0, 44, 23, 6);
INSERT INTO `doctor` (`id`, `email`, `gender`, `is_active`, `name`, `pre_name`, `telephone`, `title`, `version`, `clinic`, `office`, `specialisation`) VALUES (24, 'MarSeh@gmx.ch', 0, 1, 'Sehn', 'Marvin', '+61 126 42 19', 'D.M.D.', 0, 30, 24, 3);
INSERT INTO `doctor` (`id`, `email`, `gender`, `is_active`, `name`, `pre_name`, `telephone`, `title`, `version`, `clinic`, `office`, `specialisation`) VALUES (25, 'JulSeh@gmx.ch', 0, 1, 'Sehrin', 'Julien', '+61 482 20 11', 'D.M.D.', 0, 6, 25, 1);
INSERT INTO `doctor` (`id`, `email`, `gender`, `is_active`, `name`, `pre_name`, `telephone`, `title`, `version`, `clinic`, `office`, `specialisation`) VALUES (26, 'LenSei@gmail.com', 0, 1, 'Seidel', 'Lennox', '+61 892 06 02', 'D.M.D.', 0, 16, 26, 8);
INSERT INTO `doctor` (`id`, `email`, `gender`, `is_active`, `name`, `pre_name`, `telephone`, `title`, `version`, `clinic`, `office`, `specialisation`) VALUES (27, 'JamSei@gmail.com', 0, 1, 'Seidenfaden', 'Jamie', '+61 930 57 38', 'D.M.D.', 0, 16, 27, 5);
INSERT INTO `doctor` (`id`, `email`, `gender`, `is_active`, `name`, `pre_name`, `telephone`, `title`, `version`, `clinic`, `office`, `specialisation`) VALUES (28, 'KaiSel@gmail.com', 0, 1, 'Sela', 'Kai', '+61 197 00 90', 'D.M.D.', 0, 22, 28, 4);
INSERT INTO `doctor` (`id`, `email`, `gender`, `is_active`, `name`, `pre_name`, `telephone`, `title`, `version`, `clinic`, `office`, `specialisation`) VALUES (29, 'MatSel@gmail.com', 0, 1, 'Sellin', 'Mats', '+61 327 13 49', 'D.M.D.', 0, 44, 29, 9);
INSERT INTO `doctor` (`id`, `email`, `gender`, `is_active`, `name`, `pre_name`, `telephone`, `title`, `version`, `clinic`, `office`, `specialisation`) VALUES (30, 'TorSem@gmail.com', 0, 1, 'Sembries', 'Torben', '+61 157 67 77', 'D.M.D.', 0, 10, 30, 7);
INSERT INTO `doctor` (`id`, `email`, `gender`, `is_active`, `name`, `pre_name`, `telephone`, `title`, `version`, `clinic`, `office`, `specialisation`) VALUES (31, 'SilSem@gmail.com', 0, 1, 'Semper', 'Silas', '+61 620 08 45', 'D.M.D.', 0, 23, 31, 9);
INSERT INTO `doctor` (`id`, `email`, `gender`, `is_active`, `name`, `pre_name`, `telephone`, `title`, `version`, `clinic`, `office`, `specialisation`) VALUES (32, 'MicSem@gmail.com', 0, 1, 'Sempf', 'Michel', '+61 605 12 92', 'D.M.D.', 0, 44, 32, 5);
INSERT INTO `doctor` (`id`, `email`, `gender`, `is_active`, `name`, `pre_name`, `telephone`, `title`, `version`, `clinic`, `office`, `specialisation`) VALUES (33, 'ValSen@gmail.com', 0, 1, 'Senftleben', 'Valentin', '+61 137 25 18', 'D.M.D.', 0, 10, 33, 7);
INSERT INTO `doctor` (`id`, `email`, `gender`, `is_active`, `name`, `pre_name`, `telephone`, `title`, `version`, `clinic`, `office`, `specialisation`) VALUES (34, 'MarSen@gmail.com', 0, 1, 'Senge', 'Marius', '+61 817 50 22', 'D.M.D.', 0, 39, 34, 6);
INSERT INTO `doctor` (`id`, `email`, `gender`, `is_active`, `name`, `pre_name`, `telephone`, `title`, `version`, `clinic`, `office`, `specialisation`) VALUES (35, 'TimSer@gmail.com', 0, 1, 'Seraphin', 'Timon', '+61 681 67 63', 'D.M.D.', 0, 1, 35, 7);
INSERT INTO `doctor` (`id`, `email`, `gender`, `is_active`, `name`, `pre_name`, `telephone`, `title`, `version`, `clinic`, `office`, `specialisation`) VALUES (36, 'ThoSer@gmail.com', 0, 1, 'Serverin', 'Thomas', '+61 656 27 50', 'D.C.', 0, 13, 36, 5);
INSERT INTO `doctor` (`id`, `email`, `gender`, `is_active`, `name`, `pre_name`, `telephone`, `title`, `version`, `clinic`, `office`, `specialisation`) VALUES (37, 'DusSet@gmail.com', 0, 1, 'Setzkegel', 'Dustin', '+61 463 73 38', 'D.C.', 0, 22, 37, 3);
INSERT INTO `doctor` (`id`, `email`, `gender`, `is_active`, `name`, `pre_name`, `telephone`, `title`, `version`, `clinic`, `office`, `specialisation`) VALUES (38, 'ManSeu@gmail.com', 0, 1, 'Seul', 'Manuel', '+61 615 68 84', 'D.C.', 0, 43, 38, 4);
INSERT INTO `doctor` (`id`, `email`, `gender`, `is_active`, `name`, `pre_name`, `telephone`, `title`, `version`, `clinic`, `office`, `specialisation`) VALUES (39, 'RobSew@gmail.com', 0, 1, 'Sewelys', 'Robert', '+61 893 47 64', 'D.C.', 0, 18, 39, 9);
INSERT INTO `doctor` (`id`, `email`, `gender`, `is_active`, `name`, `pre_name`, `telephone`, `title`, `version`, `clinic`, `office`, `specialisation`) VALUES (40, 'ArtSey@gmail.com', 0, 1, 'Seyfrizen', 'Artur', '+61 113 30 52', 'D.C.', 0, 39, 40, 2);
INSERT INTO `doctor` (`id`, `email`, `gender`, `is_active`, `name`, `pre_name`, `telephone`, `title`, `version`, `clinic`, `office`, `specialisation`) VALUES (41, 'BruSie@gmail.com', 0, 1, 'Siebelist', 'Bruno', '+61 329 79 08', 'D.C.', 0, 34, 41, 3);
INSERT INTO `doctor` (`id`, `email`, `gender`, `is_active`, `name`, `pre_name`, `telephone`, `title`, `version`, `clinic`, `office`, `specialisation`) VALUES (42, 'MohSie@gmail.com', 0, 1, 'Siebzehnräbl', 'Mohammed', '+61 522 10 46', 'D.C.', 0, 29, 42, 2);
INSERT INTO `doctor` (`id`, `email`, `gender`, `is_active`, `name`, `pre_name`, `telephone`, `title`, `version`, `clinic`, `office`, `specialisation`) VALUES (43, 'TriSie@gmail.com', 0, 1, 'Sielmann', 'Tristan', '+61 930 54 18', 'D.C.', 0, 7, 43, 7);
INSERT INTO `doctor` (`id`, `email`, `gender`, `is_active`, `name`, `pre_name`, `telephone`, `title`, `version`, `clinic`, `office`, `specialisation`) VALUES (44, 'ChrSim@gmail.com', 0, 1, 'Siman', 'Christopher', '+61 772 75 57', 'D.P.T.', 0, 23, 44, 9);
INSERT INTO `doctor` (`id`, `email`, `gender`, `is_active`, `name`, `pre_name`, `telephone`, `title`, `version`, `clinic`, `office`, `specialisation`) VALUES (45, 'MarSim@gmail.com', 0, 1, 'Simmank', 'Markus', '+61 408 89 07', 'D.P.T.', 0, 22, 45, 3);
INSERT INTO `doctor` (`id`, `email`, `gender`, `is_active`, `name`, `pre_name`, `telephone`, `title`, `version`, `clinic`, `office`, `specialisation`) VALUES (46, 'DamSin@gmail.com', 0, 1, 'Sinram', 'Damian', '+61 178 64 15', 'D.P.T.', 0, 18, 46, 8);
INSERT INTO `doctor` (`id`, `email`, `gender`, `is_active`, `name`, `pre_name`, `telephone`, `title`, `version`, `clinic`, `office`, `specialisation`) VALUES (47, 'MarSin@gmail.com', 0, 1, 'Sinn', 'Martin', '+61 327 02 34', 'D.P.T.', 0, 45, 47, 9);
INSERT INTO `doctor` (`id`, `email`, `gender`, `is_active`, `name`, `pre_name`, `telephone`, `title`, `version`, `clinic`, `office`, `specialisation`) VALUES (48, 'PatSin@gmail.com', 0, 1, 'Sinz', 'Patrick', '+61 683 40 58', 'D.P.T.', 0, 14, 48, 9);
INSERT INTO `doctor` (`id`, `email`, `gender`, `is_active`, `name`, `pre_name`, `telephone`, `title`, `version`, `clinic`, `office`, `specialisation`) VALUES (49, 'MatSiy@gmail.com', 0, 1, 'Siyaks', 'Matthis', '+61 953 13 42', 'D.P.T.', 0, 8, 49, 1);
INSERT INTO `doctor` (`id`, `email`, `gender`, `is_active`, `name`, `pre_name`, `telephone`, `title`, `version`, `clinic`, `office`, `specialisation`) VALUES (50, 'LauSka@gmail.com', 0, 1, 'Skal', 'Laurens', '+61 200 19 71', 'D.P.T.', 0, 28, 50, 3);
INSERT INTO `doctor` (`id`, `email`, `gender`, `is_active`, `name`, `pre_name`, `telephone`, `title`, `version`, `clinic`, `office`, `specialisation`) VALUES (51, 'LeaSka@gmail.com', 0, 1, 'Skala', 'Leander', '+61 510 88 40', 'D.P.T.', 0, 17, 51, 6);
INSERT INTO `doctor` (`id`, `email`, `gender`, `is_active`, `name`, `pre_name`, `telephone`, `title`, `version`, `clinic`, `office`, `specialisation`) VALUES (52, 'IanSke@gmail.com', 0, 1, 'Skeem', 'Ian', '+61 480 14 67', 'D.P.T.', 0, 45, 52, 4);
INSERT INTO `doctor` (`id`, `email`, `gender`, `is_active`, `name`, `pre_name`, `telephone`, `title`, `version`, `clinic`, `office`, `specialisation`) VALUES (53, 'TheSkj@gmail.com', 0, 1, 'Skjas', 'Theo', '+61 597 97 15', 'D.P.T.', 0, 44, 53, 6);
INSERT INTO `doctor` (`id`, `email`, `gender`, `is_active`, `name`, `pre_name`, `telephone`, `title`, `version`, `clinic`, `office`, `specialisation`) VALUES (54, 'SteSkl@gmail.com', 0, 1, 'Sklarski', 'Steven', '+61 432 28 22', 'D.P.T.', 0, 35, 54, 6);
INSERT INTO `doctor` (`id`, `email`, `gender`, `is_active`, `name`, `pre_name`, `telephone`, `title`, `version`, `clinic`, `office`, `specialisation`) VALUES (55, 'ChrSko@gmail.com', 0, 1, 'Skopal', 'Christoph', '+61 405 27 88', 'D.P.T.', 0, 42, 55, 4);
INSERT INTO `doctor` (`id`, `email`, `gender`, `is_active`, `name`, `pre_name`, `telephone`, `title`, `version`, `clinic`, `office`, `specialisation`) VALUES (56, 'ArnSko@gmail.com', 0, 1, 'Skorsoba', 'Arne', '+61 178 17 84', 'D.P.T.', 0, 39, 56, 7);
INSERT INTO `doctor` (`id`, `email`, `gender`, `is_active`, `name`, `pre_name`, `telephone`, `title`, `version`, `clinic`, `office`, `specialisation`) VALUES (57, 'MatSkr@gmail.com', 0, 1, 'Skrok', 'Matthias', '+61 821 77 10', 'D.P.T.', 0, 34, 57, 9);
INSERT INTO `doctor` (`id`, `email`, `gender`, `is_active`, `name`, `pre_name`, `telephone`, `title`, `version`, `clinic`, `office`, `specialisation`) VALUES (58, 'MatSku@gmail.com', 0, 1, 'Skuza', 'Matti', '+61 431 93 08', 'D.P.T.', 0, 31, 58, 9);
INSERT INTO `doctor` (`id`, `email`, `gender`, `is_active`, `name`, `pre_name`, `telephone`, `title`, `version`, `clinic`, `office`, `specialisation`) VALUES (59, 'ConSla@gmail.com', 0, 1, 'Sladoslawek', 'Conner', '+61 515 21 51', 'D.P.T.', 0, 1, 59, 8);
INSERT INTO `doctor` (`id`, `email`, `gender`, `is_active`, `name`, `pre_name`, `telephone`, `title`, `version`, `clinic`, `office`, `specialisation`) VALUES (60, 'NicSla@gmail.com', 0, 1, 'Slany', 'Nicolas', '+61 642 80 51', 'D.P.T.', 0, 17, 60, 4);

INSERT INTO `role_topic` (`id`, `description`, `name`, `slots_until_change`, `study_year`, `version`, `specialisation`) VALUES (1, 'Das Belastungs-EKG ist eine EKG-Messung, während sich der Patient körperlich anstrengt.', 'Belastungs EKG', 8, 2, 0, 3);
INSERT INTO `role_topic` (`id`, `description`, `name`, `slots_until_change`, `study_year`, `version`, `specialisation`) VALUES (2, 'Die Computertomographie des Herzens INSERT INTO `role_topic` (`id`, `description`, `name`, `slots_until_change`, `study_year`, `version`, `specialisation`) VALUES (Herz-CT, Cardio-CT) ist eine Untersuchung zur Darstellung von Herz und Herzkranzgefässen.', 'Computertomographie', 6, 0, 0, 3);
INSERT INTO `role_topic` (`id`, `description`, `name`, `slots_until_change`, `study_year`, `version`, `specialisation`) VALUES (3, 'Echokardiographie ist der Fachausdruck für eine Herzuntersuchung durch Ultraschall.', 'Echokardiographie', 6, 3, 0, 3);
INSERT INTO `role_topic` (`id`, `description`, `name`, `slots_until_change`, `study_year`, `version`, `specialisation`) VALUES (4, 'Bei einer Herzkatheter-Untersuchung wird ein dünner Kunststoffschlauch über Blutgefässe bis in das Herz vorgeschoben, damit einige diagnostische Massnahmen erfolgen können.', 'Herzkatheter-Untersuchung', 6, 2, 0, 3);
INSERT INTO `role_topic` (`id`, `description`, `name`, `slots_until_change`, `study_year`, `version`, `specialisation`) VALUES (5, 'Die Herzkatheter-Untersuchung mit Herzmuskelbiopsie wird vorgenommen, um festzustellen, ob eine Herzkrankheit die Ursache bestimmter Symptome ist.', 'Myokardbiopsie', 0, 5, 0, 3);
INSERT INTO `role_topic` (`id`, `description`, `name`, `slots_until_change`, `study_year`, `version`, `specialisation`) VALUES (6, 'Ein kleiner Bezirk des Körpers wird empfindungslos gemacht', 'Lokalanästhesie', 6, 1, 0, 1);
INSERT INTO `role_topic` (`id`, `description`, `name`, `slots_until_change`, `study_year`, `version`, `specialisation`) VALUES (7, 'Sie erstreckt sich auf einen grösseren Abschnitt des Körpers.', 'Regionalanästhesie', 8, 4, 0, 1);
INSERT INTO `role_topic` (`id`, `description`, `name`, `slots_until_change`, `study_year`, `version`, `specialisation`) VALUES (8, 'Sie werden dadurch in einen schlafähnlichen Zustand versetzt', 'Allgemeinanästhesie', 5, 0, 0, 1);
INSERT INTO `role_topic` (`id`, `description`, `name`, `slots_until_change`, `study_year`, `version`, `specialisation`) VALUES (9, 'Bestimmung der Sehschärfe', 'Sehtest', 10, 3, 0, 2);
INSERT INTO `role_topic` (`id`, `description`, `name`, `slots_until_change`, `study_year`, `version`, `specialisation`) VALUES (10, 'Beurteilung einer eventuellen Farbenblindheit', 'Farbsinntest', 9, 1, 0, 2);
INSERT INTO `role_topic` (`id`, `description`, `name`, `slots_until_change`, `study_year`, `version`, `specialisation`) VALUES (11, 'Diagnostik des Grünen Stars', 'Augeninnendruck-Messung', 8, 4, 0, 2);
INSERT INTO `role_topic` (`id`, `description`, `name`, `slots_until_change`, `study_year`, `version`, `specialisation`) VALUES (12, 'Untersuchung der Arterien im Körper', 'arterielle Untersuchung', 10, 0, 0, 4);
INSERT INTO `role_topic` (`id`, `description`, `name`, `slots_until_change`, `study_year`, `version`, `specialisation`) VALUES (13, 'Erkennen von Varikosis, Venenklappen Erkrankungen und verschlüsse des Venensystems', 'venöse Diagnostik', 6, 2, 0, 4);
INSERT INTO `role_topic` (`id`, `description`, `name`, `slots_until_change`, `study_year`, `version`, `specialisation`) VALUES (14, 'Säuremessung in der Speiseröhre bei Reflux-/ Barrett-Erkrankung', 'Langzeit pH Metrie', 0, 2, 0, 5);
INSERT INTO `role_topic` (`id`, `description`, `name`, `slots_until_change`, `study_year`, `version`, `specialisation`) VALUES (15, 'Anfärben der Speiseröhre, des Magens oder des Darm bei speziellen Erkrankungen', 'Chromendoskopie', 7, 4, 0, 5);
INSERT INTO `role_topic` (`id`, `description`, `name`, `slots_until_change`, `study_year`, `version`, `specialisation`) VALUES (16, 'Das Blutbild ist in der Medizin eine standardisierte Zusammenstellung wichtiger Befunde aus einer Blutprobe.', 'Blutbild', 9, 5, 0, 6);
INSERT INTO `role_topic` (`id`, `description`, `name`, `slots_until_change`, `study_year`, `version`, `specialisation`) VALUES (17, 'Die Chemotherapie ist eine medikamentöse Therapie von Krebserkrankungen', 'Chemotherapie', 6, 2, 0, 7);
INSERT INTO `role_topic` (`id`, `description`, `name`, `slots_until_change`, `study_year`, `version`, `specialisation`) VALUES (18, 'Ultraschalluntersuchung der Nieren', 'Sonographie', 6, 1, 0, 8);
INSERT INTO `role_topic` (`id`, `description`, `name`, `slots_until_change`, `study_year`, `version`, `specialisation`) VALUES (19, 'Entnahme von Nierengewebe', 'Nierenpunktion', 8, 4, 0, 8);
INSERT INTO `role_topic` (`id`, `description`, `name`, `slots_until_change`, `study_year`, `version`, `specialisation`) VALUES (20, 'Verfahren zur Messung der Gasverteilung von O2, CO2 und des pH Wertes  im Blut', 'Blutgasanalyse', 7, 5, 0, 9);
INSERT INTO `role_topic` (`id`, `description`, `name`, `slots_until_change`, `study_year`, `version`, `specialisation`) VALUES (21, 'Die Bronchoskopie ist ein medizinisches Untersuchungs- und Therapieverfahren mittels Endoskop', 'Bronchoskopie', 9, 1, 0, 9);
INSERT INTO `role_topic` (`id`, `description`, `name`, `slots_until_change`, `study_year`, `version`, `specialisation`) VALUES (22, 'Prüfung der Knochendichte', 'Osteodensitometrie', 6, 3, 0, 10);
INSERT INTO `role_topic` (`id`, `description`, `name`, `slots_until_change`, `study_year`, `version`, `specialisation`) VALUES (23, 'bildgebendes Verfahren der nuklearmedizinischen Diagnostik', 'Szintigrafie', 5, 2, 0, 10);

INSERT INTO `standardized_role` (`id`, `active`, `case_description`, `long_name`, `main_version`, `role_script`, `role_type`, `short_name`, `study_year`, `sub_version`, `version`, `check_list`, `previous_version`, `role_template`, `role_topic`) VALUES (1, 1, '', 'Belastungs-EKG Rolle A Rolle A', 0, '', 0, 'B EKG A', 2, 0, 0, NULL, NULL, NULL, 1);
INSERT INTO `standardized_role` (`id`, `active`, `case_description`, `long_name`, `main_version`, `role_script`, `role_type`, `short_name`, `study_year`, `sub_version`, `version`, `check_list`, `previous_version`, `role_template`, `role_topic`) VALUES (2, 1, '', 'Belastungs-EKG Rolle B Rolle B', 0, '', 0, 'B EKG B', 2, 0, 0, NULL, NULL, NULL, 1);
INSERT INTO `standardized_role` (`id`, `active`, `case_description`, `long_name`, `main_version`, `role_script`, `role_type`, `short_name`, `study_year`, `sub_version`, `version`, `check_list`, `previous_version`, `role_template`, `role_topic`) VALUES (3, 1, '', 'Computertomographie des Herzens Rolle A Rolle A', 0, '', 0, 'CT A', 2, 0, 0, NULL, NULL, NULL, 2);
INSERT INTO `standardized_role` (`id`, `active`, `case_description`, `long_name`, `main_version`, `role_script`, `role_type`, `short_name`, `study_year`, `sub_version`, `version`, `check_list`, `previous_version`, `role_template`, `role_topic`) VALUES (4, 1, '', 'Computertomographie des Herzens Rolle B Rolle B', 0, '', 0, 'CT B', 4, 0, 0, NULL, NULL, NULL, 2);
INSERT INTO `standardized_role` (`id`, `active`, `case_description`, `long_name`, `main_version`, `role_script`, `role_type`, `short_name`, `study_year`, `sub_version`, `version`, `check_list`, `previous_version`, `role_template`, `role_topic`) VALUES (5, 1, '', 'Echokardiographie Rolle A', 0, '', 0, 'EKG A', 2, 0, 0, NULL, NULL, NULL, 3);
INSERT INTO `standardized_role` (`id`, `active`, `case_description`, `long_name`, `main_version`, `role_script`, `role_type`, `short_name`, `study_year`, `sub_version`, `version`, `check_list`, `previous_version`, `role_template`, `role_topic`) VALUES (6, 1, '', 'Echokardiographie Rolle B', 0, '', 0, 'EKG B', 5, 0, 0, NULL, NULL, NULL, 3);
INSERT INTO `standardized_role` (`id`, `active`, `case_description`, `long_name`, `main_version`, `role_script`, `role_type`, `short_name`, `study_year`, `sub_version`, `version`, `check_list`, `previous_version`, `role_template`, `role_topic`) VALUES (7, 1, '', 'Herzkatheter-Untersuchung Rolle A', 0, '', 0, 'HKU A', 1, 0, 0, NULL, NULL, NULL, 4);
INSERT INTO `standardized_role` (`id`, `active`, `case_description`, `long_name`, `main_version`, `role_script`, `role_type`, `short_name`, `study_year`, `sub_version`, `version`, `check_list`, `previous_version`, `role_template`, `role_topic`) VALUES (8, 1, '', 'Herzkatheter-Untersuchung Rolle B', 0, '', 0, 'HKU B', 2, 0, 0, NULL, NULL, NULL, 4);
INSERT INTO `standardized_role` (`id`, `active`, `case_description`, `long_name`, `main_version`, `role_script`, `role_type`, `short_name`, `study_year`, `sub_version`, `version`, `check_list`, `previous_version`, `role_template`, `role_topic`) VALUES (9, 1, '', 'Myokardbiopsie Rolle A', 0, '', 0, 'MKB A', 2, 0, 0, NULL, NULL, NULL, 5);
INSERT INTO `standardized_role` (`id`, `active`, `case_description`, `long_name`, `main_version`, `role_script`, `role_type`, `short_name`, `study_year`, `sub_version`, `version`, `check_list`, `previous_version`, `role_template`, `role_topic`) VALUES (10, 1, '', 'Myokardbiopsie Rolle B', 0, '', 0, 'MKB B', 1, 0, 0, NULL, NULL, NULL, 5);
INSERT INTO `standardized_role` (`id`, `active`, `case_description`, `long_name`, `main_version`, `role_script`, `role_type`, `short_name`, `study_year`, `sub_version`, `version`, `check_list`, `previous_version`, `role_template`, `role_topic`) VALUES (11, 1, '', 'Lokalanästhesie Rolle A', 0, '', 0, 'LA A', 0, 0, 0, NULL, NULL, NULL, 6);
INSERT INTO `standardized_role` (`id`, `active`, `case_description`, `long_name`, `main_version`, `role_script`, `role_type`, `short_name`, `study_year`, `sub_version`, `version`, `check_list`, `previous_version`, `role_template`, `role_topic`) VALUES (12, 1, '', 'Lokalanästhesie Rolle B', 0, '', 0, 'LA B', 0, 0, 0, NULL, NULL, NULL, 6);
INSERT INTO `standardized_role` (`id`, `active`, `case_description`, `long_name`, `main_version`, `role_script`, `role_type`, `short_name`, `study_year`, `sub_version`, `version`, `check_list`, `previous_version`, `role_template`, `role_topic`) VALUES (13, 1, '', 'Regionalanästhesie Rolle A', 0, '', 0, 'RA A', 0, 0, 0, NULL, NULL, NULL, 7);
INSERT INTO `standardized_role` (`id`, `active`, `case_description`, `long_name`, `main_version`, `role_script`, `role_type`, `short_name`, `study_year`, `sub_version`, `version`, `check_list`, `previous_version`, `role_template`, `role_topic`) VALUES (14, 1, '', 'Regionalanästhesie Rolle B', 0, '', 0, 'RA B', 3, 0, 0, NULL, NULL, NULL, 7);
INSERT INTO `standardized_role` (`id`, `active`, `case_description`, `long_name`, `main_version`, `role_script`, `role_type`, `short_name`, `study_year`, `sub_version`, `version`, `check_list`, `previous_version`, `role_template`, `role_topic`) VALUES (15, 1, '', 'Allgemeinanästhesie Rolle A', 0, '', 0, 'AA A', 2, 0, 0, NULL, NULL, NULL, 8);
INSERT INTO `standardized_role` (`id`, `active`, `case_description`, `long_name`, `main_version`, `role_script`, `role_type`, `short_name`, `study_year`, `sub_version`, `version`, `check_list`, `previous_version`, `role_template`, `role_topic`) VALUES (16, 1, '', 'Allgemeinanästhesie Rolle B', 0, '', 0, 'AA B', 1, 0, 0, NULL, NULL, NULL, 8);
INSERT INTO `standardized_role` (`id`, `active`, `case_description`, `long_name`, `main_version`, `role_script`, `role_type`, `short_name`, `study_year`, `sub_version`, `version`, `check_list`, `previous_version`, `role_template`, `role_topic`) VALUES (17, 1, '', 'Sehtest Rolle A', 0, '', 0, 'ST A', 4, 0, 0, NULL, NULL, NULL, 9);
INSERT INTO `standardized_role` (`id`, `active`, `case_description`, `long_name`, `main_version`, `role_script`, `role_type`, `short_name`, `study_year`, `sub_version`, `version`, `check_list`, `previous_version`, `role_template`, `role_topic`) VALUES (18, 1, '', 'Sehtest Rolle B', 0, '', 0, 'ST B', 5, 0, 0, NULL, NULL, NULL, 9);
INSERT INTO `standardized_role` (`id`, `active`, `case_description`, `long_name`, `main_version`, `role_script`, `role_type`, `short_name`, `study_year`, `sub_version`, `version`, `check_list`, `previous_version`, `role_template`, `role_topic`) VALUES (19, 1, '', 'Farbsinntest Rolle A', 0, '', 0, 'FST A', 3, 0, 0, NULL, NULL, NULL, 10);
INSERT INTO `standardized_role` (`id`, `active`, `case_description`, `long_name`, `main_version`, `role_script`, `role_type`, `short_name`, `study_year`, `sub_version`, `version`, `check_list`, `previous_version`, `role_template`, `role_topic`) VALUES (20, 1, '', 'Farbsinntest Rolle B', 0, '', 0, 'FST B', 4, 0, 0, NULL, NULL, NULL, 10);
INSERT INTO `standardized_role` (`id`, `active`, `case_description`, `long_name`, `main_version`, `role_script`, `role_type`, `short_name`, `study_year`, `sub_version`, `version`, `check_list`, `previous_version`, `role_template`, `role_topic`) VALUES (21, 1, '', 'Augeninnendruck-Messung Rolle A', 0, '', 0, 'AIDM A', 3, 0, 0, NULL, NULL, NULL, 11);
INSERT INTO `standardized_role` (`id`, `active`, `case_description`, `long_name`, `main_version`, `role_script`, `role_type`, `short_name`, `study_year`, `sub_version`, `version`, `check_list`, `previous_version`, `role_template`, `role_topic`) VALUES (22, 1, '', 'Augeninnendruck-Messung Rolle B', 0, '', 0, 'AIDM B', 0, 0, 0, NULL, NULL, NULL, 11);
INSERT INTO `standardized_role` (`id`, `active`, `case_description`, `long_name`, `main_version`, `role_script`, `role_type`, `short_name`, `study_year`, `sub_version`, `version`, `check_list`, `previous_version`, `role_template`, `role_topic`) VALUES (23, 1, '', 'arterielle Untersuchung Rolle A', 0, '', 0, 'AU A', 5, 0, 0, NULL, NULL, NULL, 12);
INSERT INTO `standardized_role` (`id`, `active`, `case_description`, `long_name`, `main_version`, `role_script`, `role_type`, `short_name`, `study_year`, `sub_version`, `version`, `check_list`, `previous_version`, `role_template`, `role_topic`) VALUES (24, 1, '', 'arterielle Untersuchung Rolle B', 0, '', 0, 'AU B', 4, 0, 0, NULL, NULL, NULL, 12);
INSERT INTO `standardized_role` (`id`, `active`, `case_description`, `long_name`, `main_version`, `role_script`, `role_type`, `short_name`, `study_year`, `sub_version`, `version`, `check_list`, `previous_version`, `role_template`, `role_topic`) VALUES (25, 1, '', 'venöse Diagnostik Rolle A', 0, '', 0, 'VD A', 2, 0, 0, NULL, NULL, NULL, 13);
INSERT INTO `standardized_role` (`id`, `active`, `case_description`, `long_name`, `main_version`, `role_script`, `role_type`, `short_name`, `study_year`, `sub_version`, `version`, `check_list`, `previous_version`, `role_template`, `role_topic`) VALUES (26, 1, '', 'venöse Diagnostik Rolle B', 0, '', 0, 'VD B', 4, 0, 0, NULL, NULL, NULL, 13);
INSERT INTO `standardized_role` (`id`, `active`, `case_description`, `long_name`, `main_version`, `role_script`, `role_type`, `short_name`, `study_year`, `sub_version`, `version`, `check_list`, `previous_version`, `role_template`, `role_topic`) VALUES (27, 1, '', 'Langzeit pH Metrie Rolle A', 0, '', 0, 'LZM A', 1, 0, 0, NULL, NULL, NULL, 14);
INSERT INTO `standardized_role` (`id`, `active`, `case_description`, `long_name`, `main_version`, `role_script`, `role_type`, `short_name`, `study_year`, `sub_version`, `version`, `check_list`, `previous_version`, `role_template`, `role_topic`) VALUES (28, 1, '', 'Langzeit pH Metrie Rolle B', 0, '', 0, 'LZM B', 4, 0, 0, NULL, NULL, NULL, 14);
INSERT INTO `standardized_role` (`id`, `active`, `case_description`, `long_name`, `main_version`, `role_script`, `role_type`, `short_name`, `study_year`, `sub_version`, `version`, `check_list`, `previous_version`, `role_template`, `role_topic`) VALUES (29, 1, '', 'Chromendoskopie Rolle A', 0, '', 0, 'CDK A', 4, 0, 0, NULL, NULL, NULL, 15);
INSERT INTO `standardized_role` (`id`, `active`, `case_description`, `long_name`, `main_version`, `role_script`, `role_type`, `short_name`, `study_year`, `sub_version`, `version`, `check_list`, `previous_version`, `role_template`, `role_topic`) VALUES (30, 1, '', 'Chromendoskopie Rolle B', 0, '', 0, 'CDK B', 2, 0, 0, NULL, NULL, NULL, 15);
INSERT INTO `standardized_role` (`id`, `active`, `case_description`, `long_name`, `main_version`, `role_script`, `role_type`, `short_name`, `study_year`, `sub_version`, `version`, `check_list`, `previous_version`, `role_template`, `role_topic`) VALUES (31, 1, '', 'Blutbild Rolle A', 0, '', 0, 'BB A', 2, 0, 0, NULL, NULL, NULL, 16);
INSERT INTO `standardized_role` (`id`, `active`, `case_description`, `long_name`, `main_version`, `role_script`, `role_type`, `short_name`, `study_year`, `sub_version`, `version`, `check_list`, `previous_version`, `role_template`, `role_topic`) VALUES (32, 1, '', 'Blutbild Rolle B', 0, '', 0, 'BB B', 4, 0, 0, NULL, NULL, NULL, 16);
INSERT INTO `standardized_role` (`id`, `active`, `case_description`, `long_name`, `main_version`, `role_script`, `role_type`, `short_name`, `study_year`, `sub_version`, `version`, `check_list`, `previous_version`, `role_template`, `role_topic`) VALUES (33, 1, '', 'Chemotherapie Rolle A', 0, '', 0, 'CHT A', 4, 0, 0, NULL, NULL, NULL, 17);
INSERT INTO `standardized_role` (`id`, `active`, `case_description`, `long_name`, `main_version`, `role_script`, `role_type`, `short_name`, `study_year`, `sub_version`, `version`, `check_list`, `previous_version`, `role_template`, `role_topic`) VALUES (34, 1, '', 'Chemotherapie Rolle B', 0, '', 0, 'CHT B', 2, 0, 0, NULL, NULL, NULL, 17);
INSERT INTO `standardized_role` (`id`, `active`, `case_description`, `long_name`, `main_version`, `role_script`, `role_type`, `short_name`, `study_year`, `sub_version`, `version`, `check_list`, `previous_version`, `role_template`, `role_topic`) VALUES (35, 1, '', 'Sonographie Rolle A', 0, '', 0, 'SG A', 5, 0, 0, NULL, NULL, NULL, 18);
INSERT INTO `standardized_role` (`id`, `active`, `case_description`, `long_name`, `main_version`, `role_script`, `role_type`, `short_name`, `study_year`, `sub_version`, `version`, `check_list`, `previous_version`, `role_template`, `role_topic`) VALUES (36, 1, '', 'Sonographie Rolle B', 0, '', 0, 'SG B', 2, 0, 0, NULL, NULL, NULL, 18);
INSERT INTO `standardized_role` (`id`, `active`, `case_description`, `long_name`, `main_version`, `role_script`, `role_type`, `short_name`, `study_year`, `sub_version`, `version`, `check_list`, `previous_version`, `role_template`, `role_topic`) VALUES (37, 1, '', 'Nierenpunktion Rolle A', 0, '', 0, 'NP A', 1, 0, 0, NULL, NULL, NULL, 19);
INSERT INTO `standardized_role` (`id`, `active`, `case_description`, `long_name`, `main_version`, `role_script`, `role_type`, `short_name`, `study_year`, `sub_version`, `version`, `check_list`, `previous_version`, `role_template`, `role_topic`) VALUES (38, 1, '', 'Nierenpunktion Rolle B', 0, '', 0, 'NP B', 0, 0, 0, NULL, NULL, NULL, 19);
INSERT INTO `standardized_role` (`id`, `active`, `case_description`, `long_name`, `main_version`, `role_script`, `role_type`, `short_name`, `study_year`, `sub_version`, `version`, `check_list`, `previous_version`, `role_template`, `role_topic`) VALUES (39, 1, '', 'Blutgasanalyse Rolle A', 0, '', 0, 'BGA A', 2, 0, 0, NULL, NULL, NULL, 20);
INSERT INTO `standardized_role` (`id`, `active`, `case_description`, `long_name`, `main_version`, `role_script`, `role_type`, `short_name`, `study_year`, `sub_version`, `version`, `check_list`, `previous_version`, `role_template`, `role_topic`) VALUES (40, 1, '', 'Blutgasanalyse Rolle B', 0, '', 0, 'BGA B', 2, 0, 0, NULL, NULL, NULL, 20);
INSERT INTO `standardized_role` (`id`, `active`, `case_description`, `long_name`, `main_version`, `role_script`, `role_type`, `short_name`, `study_year`, `sub_version`, `version`, `check_list`, `previous_version`, `role_template`, `role_topic`) VALUES (41, 1, '', 'Bronchoskopie Rolle A', 0, '', 0, 'BCK A', 3, 0, 0, NULL, NULL, NULL, 21);
INSERT INTO `standardized_role` (`id`, `active`, `case_description`, `long_name`, `main_version`, `role_script`, `role_type`, `short_name`, `study_year`, `sub_version`, `version`, `check_list`, `previous_version`, `role_template`, `role_topic`) VALUES (42, 1, '', 'Bronchoskopie Rolle B', 0, '', 0, 'BCK B', 5, 0, 0, NULL, NULL, NULL, 21);
INSERT INTO `standardized_role` (`id`, `active`, `case_description`, `long_name`, `main_version`, `role_script`, `role_type`, `short_name`, `study_year`, `sub_version`, `version`, `check_list`, `previous_version`, `role_template`, `role_topic`) VALUES (43, 1, '', 'Osteodensitometrie Rolle A', 0, '', 0, 'OSM A', 2, 0, 0, NULL, NULL, NULL, 22);
INSERT INTO `standardized_role` (`id`, `active`, `case_description`, `long_name`, `main_version`, `role_script`, `role_type`, `short_name`, `study_year`, `sub_version`, `version`, `check_list`, `previous_version`, `role_template`, `role_topic`) VALUES (44, 1, '', 'Osteodensitometrie Rolle B', 0, '', 0, 'OSM B', 3, 0, 0, NULL, NULL, NULL, 22);
INSERT INTO `standardized_role` (`id`, `active`, `case_description`, `long_name`, `main_version`, `role_script`, `role_type`, `short_name`, `study_year`, `sub_version`, `version`, `check_list`, `previous_version`, `role_template`, `role_topic`) VALUES (45, 1, '', 'Szintigrafie Rolle A', 0, '', 0, 'SG A', 2, 0, 0, NULL, NULL, NULL, 23);
INSERT INTO `standardized_role` (`id`, `active`, `case_description`, `long_name`, `main_version`, `role_script`, `role_type`, `short_name`, `study_year`, `sub_version`, `version`, `check_list`, `previous_version`, `role_template`, `role_topic`) VALUES (46, 1, '', 'Szintigrafie Rolle B', 0, '', 0, 'SG B', 1, 0, 0, NULL, NULL, NULL, 23);

INSERT INTO `role_participant` (`id`, `type`, `version`, `doctor`, `standardized_role`) VALUES (1, 0, 0, 1, 1);
INSERT INTO `role_participant` (`id`, `type`, `version`, `doctor`, `standardized_role`) VALUES (2, 1, 0, 2, 2);
INSERT INTO `role_participant` (`id`, `type`, `version`, `doctor`, `standardized_role`) VALUES (3, 0, 0, 3, 3);
INSERT INTO `role_participant` (`id`, `type`, `version`, `doctor`, `standardized_role`) VALUES (4, 1, 0, 4, 4);
INSERT INTO `role_participant` (`id`, `type`, `version`, `doctor`, `standardized_role`) VALUES (5, 0, 0, 5, 5);
INSERT INTO `role_participant` (`id`, `type`, `version`, `doctor`, `standardized_role`) VALUES (6, 0, 0, 6, 6);
INSERT INTO `role_participant` (`id`, `type`, `version`, `doctor`, `standardized_role`) VALUES (7, 1, 0, 7, 7);
INSERT INTO `role_participant` (`id`, `type`, `version`, `doctor`, `standardized_role`) VALUES (8, 0, 0, 8, 8);
INSERT INTO `role_participant` (`id`, `type`, `version`, `doctor`, `standardized_role`) VALUES (9, 0, 0, 9, 9);
INSERT INTO `role_participant` (`id`, `type`, `version`, `doctor`, `standardized_role`) VALUES (10, 1, 0, 10, 10);
INSERT INTO `role_participant` (`id`, `type`, `version`, `doctor`, `standardized_role`) VALUES (11, 1, 0, 11, 11);
INSERT INTO `role_participant` (`id`, `type`, `version`, `doctor`, `standardized_role`) VALUES (12, 0, 0, 12, 12);
INSERT INTO `role_participant` (`id`, `type`, `version`, `doctor`, `standardized_role`) VALUES (13, 1, 0, 13, 13);
INSERT INTO `role_participant` (`id`, `type`, `version`, `doctor`, `standardized_role`) VALUES (14, 1, 0, 14, 14);
INSERT INTO `role_participant` (`id`, `type`, `version`, `doctor`, `standardized_role`) VALUES (15, 1, 0, 15, 15);
INSERT INTO `role_participant` (`id`, `type`, `version`, `doctor`, `standardized_role`) VALUES (16, 1, 0, 16, 16);
INSERT INTO `role_participant` (`id`, `type`, `version`, `doctor`, `standardized_role`) VALUES (17, 1, 0, 17, 17);
INSERT INTO `role_participant` (`id`, `type`, `version`, `doctor`, `standardized_role`) VALUES (18, 1, 0, 18, 18);
INSERT INTO `role_participant` (`id`, `type`, `version`, `doctor`, `standardized_role`) VALUES (19, 1, 0, 19, 19);
INSERT INTO `role_participant` (`id`, `type`, `version`, `doctor`, `standardized_role`) VALUES (20, 1, 0, 20, 20);
INSERT INTO `role_participant` (`id`, `type`, `version`, `doctor`, `standardized_role`) VALUES (21, 1, 0, 21, 21);
INSERT INTO `role_participant` (`id`, `type`, `version`, `doctor`, `standardized_role`) VALUES (22, 0, 0, 22, 22);
INSERT INTO `role_participant` (`id`, `type`, `version`, `doctor`, `standardized_role`) VALUES (23, 1, 0, 23, 23);
INSERT INTO `role_participant` (`id`, `type`, `version`, `doctor`, `standardized_role`) VALUES (24, 0, 0, 24, 24);
INSERT INTO `role_participant` (`id`, `type`, `version`, `doctor`, `standardized_role`) VALUES (25, 0, 0, 25, 25);
INSERT INTO `role_participant` (`id`, `type`, `version`, `doctor`, `standardized_role`) VALUES (26, 0, 0, 26, 26);
INSERT INTO `role_participant` (`id`, `type`, `version`, `doctor`, `standardized_role`) VALUES (27, 1, 0, 27, 27);
INSERT INTO `role_participant` (`id`, `type`, `version`, `doctor`, `standardized_role`) VALUES (28, 0, 0, 28, 28);
INSERT INTO `role_participant` (`id`, `type`, `version`, `doctor`, `standardized_role`) VALUES (29, 0, 0, 29, 29);
INSERT INTO `role_participant` (`id`, `type`, `version`, `doctor`, `standardized_role`) VALUES (30, 1, 0, 30, 30);
INSERT INTO `role_participant` (`id`, `type`, `version`, `doctor`, `standardized_role`) VALUES (31, 1, 0, 31, 31);
INSERT INTO `role_participant` (`id`, `type`, `version`, `doctor`, `standardized_role`) VALUES (32, 0, 0, 32, 32);
INSERT INTO `role_participant` (`id`, `type`, `version`, `doctor`, `standardized_role`) VALUES (33, 0, 0, 33, 33);
INSERT INTO `role_participant` (`id`, `type`, `version`, `doctor`, `standardized_role`) VALUES (34, 1, 0, 34, 34);
INSERT INTO `role_participant` (`id`, `type`, `version`, `doctor`, `standardized_role`) VALUES (35, 0, 0, 35, 35);
INSERT INTO `role_participant` (`id`, `type`, `version`, `doctor`, `standardized_role`) VALUES (36, 0, 0, 36, 36);
INSERT INTO `role_participant` (`id`, `type`, `version`, `doctor`, `standardized_role`) VALUES (37, 1, 0, 37, 37);
INSERT INTO `role_participant` (`id`, `type`, `version`, `doctor`, `standardized_role`) VALUES (38, 1, 0, 38, 38);
INSERT INTO `role_participant` (`id`, `type`, `version`, `doctor`, `standardized_role`) VALUES (39, 0, 0, 39, 39);
INSERT INTO `role_participant` (`id`, `type`, `version`, `doctor`, `standardized_role`) VALUES (40, 0, 0, 40, 40);
INSERT INTO `role_participant` (`id`, `type`, `version`, `doctor`, `standardized_role`) VALUES (41, 0, 0, 41, 41);
INSERT INTO `role_participant` (`id`, `type`, `version`, `doctor`, `standardized_role`) VALUES (42, 1, 0, 42, 42);
INSERT INTO `role_participant` (`id`, `type`, `version`, `doctor`, `standardized_role`) VALUES (43, 1, 0, 43, 43);
INSERT INTO `role_participant` (`id`, `type`, `version`, `doctor`, `standardized_role`) VALUES (44, 1, 0, 44, 44);
INSERT INTO `role_participant` (`id`, `type`, `version`, `doctor`, `standardized_role`) VALUES (45, 1, 0, 45, 45);
INSERT INTO `role_participant` (`id`, `type`, `version`, `doctor`, `standardized_role`) VALUES (46, 1, 0, 46, 46);

INSERT INTO `profession` (id,profession,version) VALUES (2,'Student/in',0);
INSERT INTO `profession` (id,profession,version) VALUES (3,'Bauarbeiter/in',0);
INSERT INTO `profession` (id,profession,version) VALUES (4,'Sachbearbeiter/in',0);
INSERT INTO `profession` (id,profession,version) VALUES (5,'Lehrer/in',0);
INSERT INTO `profession` (id,profession,version) VALUES (6,'Florist/in',0);
INSERT INTO `profession` (id,profession,version) VALUES (7,'Journalist/in',0);
INSERT INTO `profession` (id,profession,version) VALUES (8,'Rentner/in',0);
INSERT INTO `profession` (id,profession,version) VALUES (9,'Informatiker',0);

INSERT INTO `spoken_language` (id,language_name,version) VALUES (4,'Deutsch',0);
INSERT INTO `spoken_language` (id,language_name,version) VALUES (5,'Französisch',0);
INSERT INTO `spoken_language` (id,language_name,version) VALUES (6,'Italienisch',0);
INSERT INTO `spoken_language` (id,language_name,version) VALUES (7,'Englisch',0);
INSERT INTO `spoken_language` (id,language_name,version) VALUES (8,'Spanisch',0);

INSERT INTO `anamnesis_form` (id,create_date,version) VALUES (2,'2012-02-14 00:00:00',0);
INSERT INTO `anamnesis_form` (id,create_date,version) VALUES (3,'2010-07-18 00:00:00',0);
INSERT INTO `anamnesis_form` (id,create_date,version) VALUES (4,'2011-05-28 00:00:00',0);
INSERT INTO `anamnesis_form` (id,create_date,version) VALUES (5,'2011-01-21 00:00:00',0);
INSERT INTO `anamnesis_form` (id,create_date,version) VALUES (6,'2009-09-19 00:00:00',0);
INSERT INTO `anamnesis_form` (id,create_date,version) VALUES (7,'2009-11-08 00:00:00',0);
INSERT INTO `anamnesis_form` (id,create_date,version) VALUES (8,'2010-05-12 00:00:00',0);
INSERT INTO `anamnesis_form` (id,create_date,version) VALUES (9,'2010-07-30 00:00:00',0);
INSERT INTO `anamnesis_form` (id,create_date,version) VALUES (10,'2012-05-26 00:00:00',0);
INSERT INTO `anamnesis_form` (id,create_date,version) VALUES (11,'2012-03-24 00:00:00',0);
INSERT INTO `anamnesis_form` (id,create_date,version) VALUES (12,'2010-12-24 00:00:00',0);
INSERT INTO `anamnesis_form` (id,create_date,version) VALUES (13,'2010-07-18 00:00:00',0);

INSERT INTO `anamnesis_check_title` (id, sort_order, text, version) VALUES (1, 1, 'Konsumverhalten', 0);
INSERT INTO `anamnesis_check_title` (id, sort_order, text, version) VALUES (2, 3, 'Krankengeschichte', 0);
INSERT INTO `anamnesis_check_title` (id, sort_order, text, version) VALUES (3, 2, 'Behandlungsgeschichte', 0);


INSERT INTO `anamnesis_check` (id,sort_order,value,type,text,version,anamnesis_check_title) VALUES (1,1,'',1,'Rauchen Sie?',0,1);
INSERT INTO `anamnesis_check` (id,sort_order,value,type,text,version,anamnesis_check_title) VALUES (2,2,'oft|mittel|selten',2,'Wie oft rauchen Sie?',0,1);
INSERT INTO `anamnesis_check` (id,sort_order,value,type,text,version,anamnesis_check_title) VALUES (9,3,'Marlboro|Mary Long|Lucky Strike|Awesomesauce|Winfail',3,'Welche Zigarettenmarken haben Sie schon geraucht?',0,1);
INSERT INTO `anamnesis_check` (id,sort_order,value,type,text,version,anamnesis_check_title) VALUES (5,1,'',1,'Leiden Sie unter Diabetes?',0,2);
INSERT INTO `anamnesis_check` (id,sort_order,value,type,text,version,anamnesis_check_title) VALUES (6,2,'',1,'Wurde Ihnen der Blinddarm entfernt?',0,2);
INSERT INTO `anamnesis_check` (id,sort_order,value,type,text,version,anamnesis_check_title) VALUES (8,3,'Darmende|Kopf|Fuss|Iris',2,'Woraus wurde Ihnen der Blinddarm entfernt?',0,2);
INSERT INTO `anamnesis_check` (id,sort_order,value,type,text,version,anamnesis_check_title) VALUES (3,1,'',1,'Nehmen Sie zurzeit regelmässig Medikamente ein?',0,3);
INSERT INTO `anamnesis_check` (id,sort_order,value,type,text,version,anamnesis_check_title) VALUES (4,2,'',0,'Welche Medikamente nehmen Sie ein?',0,3);
INSERT INTO `anamnesis_check` (id,sort_order,value,type,text,version,anamnesis_check_title) VALUES (7,3,'Prozac|Ritalin|Aspirin|Ethanol',3,'Nehmen Sie eines der aufgelisteten Medikamete und wenn ja, welche?',0,3);

INSERT INTO `anamnesis_checks_value` (id,anamnesis_checks_value,comment,truth,version,anamnesischeck,anamnesisform) VALUES (1,'0-0-1',NULL,NULL,0,2,2);
INSERT INTO `anamnesis_checks_value` (id,anamnesis_checks_value,comment,truth,version,anamnesischeck,anamnesisform) VALUES (7,NULL,NULL,0,0,3,2);
INSERT INTO `anamnesis_checks_value` (id,anamnesis_checks_value,comment,truth,version,anamnesischeck,anamnesisform) VALUES (8,NULL,NULL,1,0,1,3);
INSERT INTO `anamnesis_checks_value` (id,anamnesis_checks_value,comment,truth,version,anamnesischeck,anamnesisform) VALUES (9,NULL,NULL,0,0,3,3);
INSERT INTO `anamnesis_checks_value` (id,anamnesis_checks_value,comment,truth,version,anamnesischeck,anamnesisform) VALUES (10,NULL,NULL,1,0,1,4);
INSERT INTO `anamnesis_checks_value` (id,anamnesis_checks_value,comment,truth,version,anamnesischeck,anamnesisform) VALUES (11,'1-0-0',NULL,NULL,0,2,4);
INSERT INTO `anamnesis_checks_value` (id,anamnesis_checks_value,comment,truth,version,anamnesischeck,anamnesisform) VALUES (12,NULL,NULL,0,0,5,5);
INSERT INTO `anamnesis_checks_value` (id,anamnesis_checks_value,comment,truth,version,anamnesischeck,anamnesisform) VALUES (13,NULL,NULL,1,0,6,5);
INSERT INTO `anamnesis_checks_value` (id,anamnesis_checks_value,comment,truth,version,anamnesischeck,anamnesisform) VALUES (14,NULL,NULL,0,0,1,6);
INSERT INTO `anamnesis_checks_value` (id,anamnesis_checks_value,comment,truth,version,anamnesischeck,anamnesisform) VALUES (15,NULL,NULL,0,0,5,6);
INSERT INTO `anamnesis_checks_value` (id,anamnesis_checks_value,comment,truth,version,anamnesischeck,anamnesisform) VALUES (16,NULL,NULL,1,0,3,7);
INSERT INTO `anamnesis_checks_value` (id,anamnesis_checks_value,comment,truth,version,anamnesischeck,anamnesisform) VALUES (17,'Zygtoban,Bascurol',NULL,0,0,4,7);
INSERT INTO `anamnesis_checks_value` (id,anamnesis_checks_value,comment,truth,version,anamnesischeck,anamnesisform) VALUES (18,NULL,NULL,1,0,3,8);
INSERT INTO `anamnesis_checks_value` (id,anamnesis_checks_value,comment,truth,version,anamnesischeck,anamnesisform) VALUES (19,'Zygtoban',NULL,0,0,4,8);
INSERT INTO `anamnesis_checks_value` (id,anamnesis_checks_value,comment,truth,version,anamnesischeck,anamnesisform) VALUES (20,NULL,NULL,0,0,3,9);
INSERT INTO `anamnesis_checks_value` (id,anamnesis_checks_value,comment,truth,version,anamnesischeck,anamnesisform) VALUES (21,NULL,NULL,1,0,6,9);
INSERT INTO `anamnesis_checks_value` (id,anamnesis_checks_value,comment,truth,version,anamnesischeck,anamnesisform) VALUES (22,NULL,NULL,1,0,1,10);
INSERT INTO `anamnesis_checks_value` (id,anamnesis_checks_value,comment,truth,version,anamnesischeck,anamnesisform) VALUES (23,'0-1-0',NULL,0,0,2,10);
INSERT INTO `anamnesis_checks_value` (id,anamnesis_checks_value,comment,truth,version,anamnesischeck,anamnesisform) VALUES (24,NULL,NULL,1,0,3,11);
INSERT INTO `anamnesis_checks_value` (id,anamnesis_checks_value,comment,truth,version,anamnesischeck,anamnesisform) VALUES (25,'Aceton, Araldit',NULL,1,0,4,11);
INSERT INTO `anamnesis_checks_value` (id,anamnesis_checks_value,comment,truth,version,anamnesischeck,anamnesisform) VALUES (26,NULL,NULL,0,0,1,12);
INSERT INTO `anamnesis_checks_value` (id,anamnesis_checks_value,comment,truth,version,anamnesischeck,anamnesisform) VALUES (27,NULL,NULL,0,0,5,12);
INSERT INTO `anamnesis_checks_value` (id,anamnesis_checks_value,comment,truth,version,anamnesischeck,anamnesisform) VALUES (28,'1-0-0-1-0',NULL,NULL,0,9,11);
INSERT INTO `anamnesis_checks_value` (id,anamnesis_checks_value,comment,truth,version,anamnesischeck,anamnesisform) VALUES (29,'1-0-0-0',NULL,NULL,0,8,11);

INSERT INTO `bankaccount` (id,bic,iban,bank_name,version,country) VALUES (2,'0123','CH00 0000 0000 000 000','UBS AG',0,5);
INSERT INTO `bankaccount` (id,bic,iban,bank_name,version) VALUES (20,'GENODEF1JEV','CH46 3948 4853 2029 3','Basler Kantonalbank',0);
INSERT INTO `bankaccount` (id,bic,iban,bank_name,version) VALUES (29,'MIGRCHZZ80A','CH89 3940 4013 9483 3','Migros bank',0);
INSERT INTO `bankaccount` (id,bic,iban,bank_name,version) VALUES (30,'GENODEF1JEV','CH49 9494 9587 9387 0','BLKB',0);
INSERT INTO `bankaccount` (id,bic,iban,bank_name,version) VALUES (31,'BENDSFF1JEV','CH78 5685 7565 4364 7','KTS',0);
INSERT INTO `bankaccount` (id,bic,iban,bank_name,version) VALUES (32,'VTGODEF4EVODEF1JEV','CH76 8736 3893 3937 9','BBHG',0);
INSERT INTO `bankaccount` (id,bic,iban,bank_name,version) VALUES (33,'GVBDEF6ZHEV','CH28 9383 4847 3028 7','BW&S',0);
INSERT INTO `bankaccount` (id,bic,iban,bank_name,version) VALUES (34,'ZRWEODE4GEV','CH29 8474 9038 8933 4','Siga Bank',0);
INSERT INTO `bankaccount` (id,bic,iban,bank_name,version) VALUES (35,'BTZODEF3HEV','DE39 8476 4987 2987 8','Bank Auer',0);
INSERT INTO `bankaccount` (id,bic,iban,bank_name,version, country) VALUES (36,'UERNODEC4EV','DE39 2811 2904 4343','Commerzbank',0, 5);
INSERT INTO `bankaccount` (id,bic,iban,bank_name,version) VALUES (37,'QWNODEG0EV','FR88 9388 3022 2393 12','Banque Telex',0);
INSERT INTO `bankaccount` (id,bic,iban,bank_name,version) VALUES (38,'MKLODEF8FDV','FR93 2939 2938 9383 30','BBdP',0);

INSERT INTO `standardized_patient` (id,birthday,city,email,gender,height,mobile,name,postal_code,pre_name,street,telephone,telephone2,version,weight,anamnesis_form,bank_account,descriptions,nationality,profession) VALUES (19,'1987-07-04 00:00:00','Basel','dkohler@dkohler.ch',0,184,'076 441 03 44','Kohler',4051,'Daniel','Steinenbachgässlein 7',NULL,NULL,0,80,2,2,NULL,5,2);
INSERT INTO `standardized_patient` (id,birthday,city,email,gender,height,mobile,name,postal_code,pre_name,street,telephone,telephone2,version,weight,anamnesis_form,bank_account,descriptions,nationality,profession) VALUES (20,'1954-08-25 00:00:00','Metz','m.lamarie@unibas.ch',1,162,'078 427 24 85','Lamarie',4057,'Marianne','Feldbergstrasse 145',NULL,NULL,0,57,3,20,NULL,7,3);
INSERT INTO `standardized_patient` (id,birthday,city,email,gender,height,mobile,name,postal_code,pre_name,street,telephone,telephone2,version,weight,anamnesis_form,bank_account,descriptions,nationality,profession) VALUES (21,'1980-01-02 00:00:00','Liestal','pruggi@gmx.ch',0,197,'077 463 23 22','Preussler',4410,'Ferdinand','Kronenweg 23',NULL,NULL,0,140,4,29,NULL,5,5);
INSERT INTO `standardized_patient` (id,birthday,city,email,gender,height,mobile,name,postal_code,pre_name,street,telephone,telephone2,version,weight,anamnesis_form,bank_account,descriptions,nationality,profession) VALUES (22,'1955-03-12 00:00:00','Basel','karl.meyer@pps.ch',0,155,'077 529 57 25','Meyer',4056,'Karl','Karottenweg 4B',NULL,NULL,0,67,5,30,NULL,5,4);
INSERT INTO `standardized_patient` (id,birthday,city,email,gender,height,mobile,name,postal_code,pre_name,street,telephone,telephone2,version,weight,anamnesis_form,bank_account,descriptions,nationality,profession) VALUES (23,'1965-09-24 00:00:00','Basel','beddebu@hss.ch',1,182,'078 586 29 84','Buser',4051,'Bettina','Rankenbergweg 1',NULL,NULL,0,82,6,31,NULL,6,6);
INSERT INTO `standardized_patient` (id,birthday,city,email,gender,height,mobile,name,postal_code,pre_name,street,telephone,telephone2,version,weight,anamnesis_form,bank_account,descriptions,nationality,profession) VALUES (24,'1978-12-11 00:00:00','Muttenz','carla.joanna.v@yehi.ch',1,160,'076 352 28 44','Velazquez',4132,'Carla Joanna','Friedenstrasse 54',NULL,NULL,0,58,7,32,NULL,6,2);
INSERT INTO `standardized_patient` (id,birthday,city,email,gender,height,mobile,name,postal_code,pre_name,street,telephone,telephone2,version,weight,anamnesis_form,bank_account,descriptions,nationality,profession) VALUES (25,'1988-05-03 00:00:00','Allschwil','max.peter@calleymar.ch',0,159,'079 240 54 84','Peter',4123,'Max','Bröckelstrasse 11',NULL,NULL,0,72,8,33,NULL,5,2);
INSERT INTO `standardized_patient` (id,birthday,city,email,gender,height,mobile,name,postal_code,pre_name,street,telephone,telephone2,version,weight,anamnesis_form,bank_account,descriptions,nationality,profession) VALUES (26,'1944-06-19 00:00:00','Riehen','rumu@gallwers.ch',1,174,'079 258 05 18','Musyl',4125,'Ruth','Schiffstauankergasse 10',NULL,NULL,0,58,9,34,NULL,5,8);
INSERT INTO `standardized_patient` (id,birthday,city,email,gender,height,mobile,name,postal_code,pre_name,street,telephone,telephone2,version,weight,anamnesis_form,bank_account,descriptions,nationality,profession) VALUES (27,'1955-10-10 00:00:00','Lörrach','ljiljana.ivanovic@gerber.de',1,165,'077 548 46 18','Ivanovic',79539,'Ljiljana','Baslerstrasse 44',NULL,NULL,0,57,10,35,NULL,6,9);
INSERT INTO `standardized_patient` (id,birthday,city,email,gender,height,mobile,name,postal_code,pre_name,street,telephone,telephone2,version,weight,anamnesis_form,bank_account,descriptions,nationality,profession) VALUES (28,'1974-11-08 00:00:00','Brombach','Konradenauer@der.de',0,182,'075 456 12 78','Adenauer',69434,'Benjamin','Himbacherweg 99',NULL,NULL,0,90,11,36,NULL,6,2);
INSERT INTO `standardized_patient` (id,birthday,city,email,gender,height,mobile,name,postal_code,pre_name,street,telephone,telephone2,version,weight,anamnesis_form,bank_account,descriptions,nationality,profession) VALUES (29,'1980-04-02 00:00:00','Mulhouse','delphy@sirasse.fr',1,162,'079 456 18 47','Landwerlin',68200,'Delphine','Route du Chemin 13',NULL,NULL,0,69,12,37,NULL,7,7);
INSERT INTO `standardized_patient` (id,birthday,city,email,gender,height,mobile,name,postal_code,pre_name,street,telephone,telephone2,version,weight,anamnesis_form,bank_account,descriptions,nationality,profession) VALUES (30,'1950-08-29 00:00:00','St. Louis','ca.co@ebe.fr',0,188,'078 471 15 45','Collars',97450,'Carl','Avenue des Arbres 231',NULL,NULL,0,95,13,38,NULL,7,2);

INSERT INTO `lang_skill` (id,skill,version,spokenlanguage,standardizedpatient) VALUES (6,6,0,4,19);
INSERT INTO `lang_skill` (id,skill,version,spokenlanguage,standardizedpatient) VALUES (7,4,0,6,19);
INSERT INTO `lang_skill` (id,skill,version,spokenlanguage,standardizedpatient) VALUES (8,6,0,4,20);
INSERT INTO `lang_skill` (id,skill,version,spokenlanguage,standardizedpatient) VALUES (9,6,0,4,21);
INSERT INTO `lang_skill` (id,skill,version,spokenlanguage,standardizedpatient) VALUES (10,2,0,8,21);
INSERT INTO `lang_skill` (id,skill,version,spokenlanguage,standardizedpatient) VALUES (11,6,0,4,22);
INSERT INTO `lang_skill` (id,skill,version,spokenlanguage,standardizedpatient) VALUES (12,6,0,4,23);
INSERT INTO `lang_skill` (id,skill,version,spokenlanguage,standardizedpatient) VALUES (13,6,0,4,24);
INSERT INTO `lang_skill` (id,skill,version,spokenlanguage,standardizedpatient) VALUES (14,6,0,4,25);
INSERT INTO `lang_skill` (id,skill,version,spokenlanguage,standardizedpatient) VALUES (15,6,0,4,26);
INSERT INTO `lang_skill` (id,skill,version,spokenlanguage,standardizedpatient) VALUES (16,6,0,4,27);
INSERT INTO `lang_skill` (id,skill,version,spokenlanguage,standardizedpatient) VALUES (17,6,0,4,28);
INSERT INTO `lang_skill` (id,skill,version,spokenlanguage,standardizedpatient) VALUES (18,4,0,7,28);
INSERT INTO `lang_skill` (id,skill,version,spokenlanguage,standardizedpatient) VALUES (19,6,0,5,29);
INSERT INTO `lang_skill` (id,skill,version,spokenlanguage,standardizedpatient) VALUES (20,5,0,4,29);
INSERT INTO `lang_skill` (id,skill,version,spokenlanguage,standardizedpatient) VALUES (21,6,0,5,30);
INSERT INTO `lang_skill` (id,skill,version,spokenlanguage,standardizedpatient) VALUES (22,3,0,4,30);

INSERT INTO `scar` (id,bodypart,trait_type,version) VALUES (9,'Oberschenkel (links)',0,0);
INSERT INTO `scar` (id,bodypart,trait_type,version) VALUES (10,'Schulterblatt (Links)',0,0);
INSERT INTO `scar` (id,bodypart,trait_type,version) VALUES (11,'Hals',0,0);
INSERT INTO `scar` (id,bodypart,trait_type,version) VALUES (12,'Oberarm (Rechts)',1,0);
INSERT INTO `scar` (id,bodypart,trait_type,version) VALUES (13,'Wade (Links)',1,0);
INSERT INTO `scar` (id,bodypart,trait_type,version) VALUES (15,'Rechtes Schulterblatt',2,0);

INSERT INTO `anamnesis_form_scars` (anamnesis_forms,scars) VALUES (2,9);
INSERT INTO `anamnesis_form_scars` (anamnesis_forms,scars) VALUES (3,10);
INSERT INTO `anamnesis_form_scars` (anamnesis_forms,scars) VALUES (4,12);
INSERT INTO `anamnesis_form_scars` (anamnesis_forms,scars) VALUES (4,13);
INSERT INTO `anamnesis_form_scars` (anamnesis_forms,scars) VALUES (5,15);
INSERT INTO `anamnesis_form_scars` (anamnesis_forms,scars) VALUES (6,11);
INSERT INTO `anamnesis_form_scars` (anamnesis_forms,scars) VALUES (7,10);
INSERT INTO `anamnesis_form_scars` (anamnesis_forms,scars) VALUES (8,9);
INSERT INTO `anamnesis_form_scars` (anamnesis_forms,scars) VALUES (9,9);
INSERT INTO `anamnesis_form_scars` (anamnesis_forms,scars) VALUES (10,12);
INSERT INTO `anamnesis_form_scars` (anamnesis_forms,scars) VALUES (11,12);
INSERT INTO `anamnesis_form_scars` (anamnesis_forms,scars) VALUES (12,13);
INSERT INTO `anamnesis_form_scars` (anamnesis_forms,scars) VALUES (13,15);

INSERT INTO `room` (room_number, length, width, version) VALUES ('LZM - 101', '5.0', '4.3', 0);
INSERT INTO `room` (room_number, length, width, version) VALUES ('LZM - 102', '3.4', '4.1', 0);
INSERT INTO `room` (room_number, length, width, version) VALUES ('LZM - 103', '2.3', '6.3', 0);
INSERT INTO `room` (room_number, length, width, version) VALUES ('LZM - 104', '6.4', '7.5', 0);
INSERT INTO `room` (room_number, length, width, version) VALUES ('LZM - 105', '6.4', '7.5', 0);
INSERT INTO `room` (room_number, length, width, version) VALUES ('LZM - 106', '6.4', '7.5', 0);
INSERT INTO `room` (room_number, length, width, version) VALUES ('LZM - 107', '6.4', '7.5', 0);
INSERT INTO `room` (room_number, length, width, version) VALUES ('LZM - 108', '6.4', '7.5', 0);
INSERT INTO `room` (room_number, length, width, version) VALUES ('LZM - 109', '6.4', '7.5', 0);
INSERT INTO `room` (room_number, length, width, version) VALUES ('LZM - 110', '6.4', '7.5', 0);
INSERT INTO `room` (room_number, length, width, version) VALUES ('LZM - 111', '6.4', '7.5', 0);
INSERT INTO `room` (room_number, length, width, version) VALUES ('LZM - 112', '6.4', '7.5', 0);
INSERT INTO `room` (room_number, length, width, version) VALUES ('LZM - 113', '6.4', '7.5', 0);
INSERT INTO `room` (room_number, length, width, version) VALUES ('LZM - 114', '6.4', '7.5', 0);
INSERT INTO `room` (room_number, length, width, version) VALUES ('LZM - 115', '6.4', '7.5', 0);
INSERT INTO `room` (room_number, length, width, version) VALUES ('LZM - 116', '6.4', '7.5', 0);
INSERT INTO `room` (room_number, length, width, version) VALUES ('LZM - 117', '6.4', '7.5', 0);

INSERT INTO `log_entry` (logtime, new_value, old_value, shib_id, version) VALUES (NOW(), 'neuer Wert1', 'alter Wert1', '012345', 0);
INSERT INTO `log_entry` (logtime, new_value, old_value, shib_id, version) VALUES (NOW(), 'neuer Wert2', 'alter Wert2', '012345', 0);
INSERT INTO `log_entry` (logtime, new_value, old_value, shib_id, version) VALUES (NOW(), 'neuer Wert3', 'alter Wert3', '543210', 0);
INSERT INTO `log_entry` (logtime, new_value, old_value, shib_id, version) VALUES (NOW(), 'neuer Wert4', 'alter Wert4', '543210', 0);
INSERT INTO `log_entry` (logtime, new_value, old_value, shib_id, version) VALUES (NOW(), 'neuer Wert5', 'alter Wert5', '012345', 0);

INSERT INTO `osce` (`id`,`long_break`,`is_repe_osce`,`is_valid`,`lunch_break`,`max_number_students`,`middle_break`,`name`,`number_courses`,`number_posts`,`number_rooms`,`osce_status`,`post_length`,`short_break`,`short_break_simpat_change`,`study_year`,`version`,`copied_osce`,`semester`) VALUES (1,15,0,1,45,130,5,'Test 1',0,NULL,16,2,13,1,3,3,0,NULL,1);

INSERT INTO `osce_day` (`id`,`time_end`,`time_start`,`version`,`osce`,`osce_date`) VALUES (1,'2012-06-18 19:00:00','2012-06-18 09:00:00',0,1,'2012-06-18 00:00:00');

INSERT INTO `osce_post_blueprint` (is_first_part, sequence_number, role_topic, osce, post_type, specialisation, version) VALUES (0, 1, 9, 1, 0, 1, 0);
INSERT INTO `osce_post_blueprint` (is_first_part, sequence_number, role_topic, osce, post_type, specialisation, version) VALUES (0, 2, 10, 1, 0, 2, 0);
INSERT INTO `osce_post_blueprint` (is_first_part, sequence_number, role_topic, osce, post_type, specialisation, version) VALUES (0, 3, 12, 1, 0, 3, 0);
INSERT INTO `osce_post_blueprint` (is_first_part, sequence_number, role_topic, osce, post_type, specialisation, version) VALUES (0, 4, 21, 1, 0, 4, 0);

INSERT INTO `osce_sequence` (label, number_rotation, osce_day, version) VALUES ('A', 4, 1, 0);
INSERT INTO `osce_sequence` (label, number_rotation, osce_day, version) VALUES ('B', 4, 1, 0);

INSERT INTO `course` (color, osce_sequence, version) VALUES ('blue', 1, 0);
INSERT INTO `course` (color, osce_sequence, version) VALUES ('red', 1, 0);
INSERT INTO `course` (color, osce_sequence, version) VALUES ('green', 1, 0);
INSERT INTO `course` (color, osce_sequence, version) VALUES ('yellow', 1, 0);
INSERT INTO `course` (color, osce_sequence, version) VALUES ('blue', 2, 0);
INSERT INTO `course` (color, osce_sequence, version) VALUES ('red', 2, 0);
INSERT INTO `course` (color, osce_sequence, version) VALUES ('green', 2, 0);
INSERT INTO `course` (color, osce_sequence, version) VALUES ('yellow', 2, 0);
--INSERT INTO `course` (color, osce_sequence, version) VALUES ('purple', 1, 0);
--INSERT INTO `course` (color, osce_sequence, version) VALUES ('purple', 2, 0);

INSERT INTO `osce_post` (`id`,`sequence_number`,`version`,`osce_post_blueprint`,`osce_sequence`,`standardized_role`) VALUES (1,1,0,1,1,17);
INSERT INTO `osce_post` (`id`,`sequence_number`,`version`,`osce_post_blueprint`,`osce_sequence`,`standardized_role`) VALUES (2,2,0,2,1,19);
INSERT INTO `osce_post` (`id`,`sequence_number`,`version`,`osce_post_blueprint`,`osce_sequence`,`standardized_role`) VALUES (3,3,0,3,1,23);
INSERT INTO `osce_post` (`id`,`sequence_number`,`version`,`osce_post_blueprint`,`osce_sequence`,`standardized_role`) VALUES (4,4,0,4,1,41);
INSERT INTO `osce_post` (`id`,`sequence_number`,`version`,`osce_post_blueprint`,`osce_sequence`,`standardized_role`) VALUES (5,1,0,1,2,18);
INSERT INTO `osce_post` (`id`,`sequence_number`,`version`,`osce_post_blueprint`,`osce_sequence`,`standardized_role`) VALUES (6,2,0,2,2,20);
INSERT INTO `osce_post` (`id`,`sequence_number`,`version`,`osce_post_blueprint`,`osce_sequence`,`standardized_role`) VALUES (7,3,0,3,2,24);
INSERT INTO `osce_post` (`id`,`sequence_number`,`version`,`osce_post_blueprint`,`osce_sequence`,`standardized_role`) VALUES (8,4,0,4,2,42);

INSERT INTO `osce_post_room` (id, room, osce_post, course, version) VALUES (1, 1, 1, 1, 0);
INSERT INTO `osce_post_room` (id, room, osce_post, course, version) VALUES (2, 2, 2, 1, 0);
INSERT INTO `osce_post_room` (id, room, osce_post, course, version) VALUES (3, 3, 3, 1, 0);
INSERT INTO `osce_post_room` (id, room, osce_post, course, version) VALUES (4, 4, 4, 1, 0);

INSERT INTO `osce_post_room` (id, room, osce_post, course, version) VALUES (5, 5, 1, 2, 0);
INSERT INTO `osce_post_room` (id, room, osce_post, course, version) VALUES (6, 6, 2, 2, 0);
INSERT INTO `osce_post_room` (id, room, osce_post, course, version) VALUES (7, 7, 3, 2, 0);
INSERT INTO `osce_post_room` (id, room, osce_post, course, version) VALUES (8, 8, 4, 2, 0);

INSERT INTO `osce_post_room` (id, room, osce_post, course, version) VALUES (9, 9, 1, 3, 0);
INSERT INTO `osce_post_room` (id, room, osce_post, course, version) VALUES (10, 10, 2, 3, 0);
INSERT INTO `osce_post_room` (id, room, osce_post, course, version) VALUES (11, 11, 3, 3, 0);
INSERT INTO `osce_post_room` (id, room, osce_post, course, version) VALUES (12, 12, 4, 3, 0);

INSERT INTO `osce_post_room` (id, room, osce_post, course, version) VALUES (13, 13, 1, 4, 0);
INSERT INTO `osce_post_room` (id, room, osce_post, course, version) VALUES (14, 14, 2, 4, 0);
INSERT INTO `osce_post_room` (id, room, osce_post, course, version) VALUES (15, 15, 3, 4, 0);
INSERT INTO `osce_post_room` (id, room, osce_post, course, version) VALUES (16, 16, 4, 4, 0);

INSERT INTO `osce_post_room` (id, room, osce_post, course, version) VALUES (17, 1, 5, 5, 0);
INSERT INTO `osce_post_room` (id, room, osce_post, course, version) VALUES (18, 2, 6, 5, 0);
INSERT INTO `osce_post_room` (id, room, osce_post, course, version) VALUES (19, 3, 7, 5, 0);
INSERT INTO `osce_post_room` (id, room, osce_post, course, version) VALUES (20, 4, 8, 5, 0);

INSERT INTO `osce_post_room` (id, room, osce_post, course, version) VALUES (21, 5, 5, 6, 0);
INSERT INTO `osce_post_room` (id, room, osce_post, course, version) VALUES (22, 6, 6, 6, 0);
INSERT INTO `osce_post_room` (id, room, osce_post, course, version) VALUES (23, 7, 7, 6, 0);
INSERT INTO `osce_post_room` (id, room, osce_post, course, version) VALUES (24, 8, 8, 6, 0);

INSERT INTO `osce_post_room` (id, room, osce_post, course, version) VALUES (25, 9, 5, 7, 0);
INSERT INTO `osce_post_room` (id, room, osce_post, course, version) VALUES (26, 10, 6, 7, 0);
INSERT INTO `osce_post_room` (id, room, osce_post, course, version) VALUES (27, 11, 7, 7, 0);
INSERT INTO `osce_post_room` (id, room, osce_post, course, version) VALUES (28, 12, 8, 7, 0);

INSERT INTO `osce_post_room` (id, room, osce_post, course, version) VALUES (29, 13, 5, 8, 0);
INSERT INTO `osce_post_room` (id, room, osce_post, course, version) VALUES (30, 14, 6, 8, 0);
INSERT INTO `osce_post_room` (id, room, osce_post, course, version) VALUES (31, 15, 7, 8, 0);
INSERT INTO `osce_post_room` (id, room, osce_post, course, version) VALUES (32, 16, 8, 8, 0);

INSERT INTO `osce_post_room` (id, room, osce_post, course, version) VALUES (33, 2, 3, 1, 0);
INSERT INTO `osce_post_room` (id, room, osce_post, course, version) VALUES (34, 3, 2, 1, 0);
INSERT INTO `osce_post_room` (id, room, osce_post, course, version) VALUES (35, 6, 3, 2, 0);
INSERT INTO `osce_post_room` (id, room, osce_post, course, version) VALUES (36, 7, 2, 2, 0);
INSERT INTO `osce_post_room` (id, room, osce_post, course, version) VALUES (37, 10, 3, 3, 0);
INSERT INTO `osce_post_room` (id, room, osce_post, course, version) VALUES (38, 11, 2, 3, 0);
INSERT INTO `osce_post_room` (id, room, osce_post, course, version) VALUES (39, 14, 3, 4, 0);
INSERT INTO `osce_post_room` (id, room, osce_post, course, version) VALUES (40, 15, 2, 4, 0);

INSERT INTO `osce_post_room` (id, room, osce_post, course, version) VALUES (41, 2, 7, 5, 0);
INSERT INTO `osce_post_room` (id, room, osce_post, course, version) VALUES (42, 3, 6, 5, 0);
INSERT INTO `osce_post_room` (id, room, osce_post, course, version) VALUES (43, 6, 7, 6, 0);
INSERT INTO `osce_post_room` (id, room, osce_post, course, version) VALUES (44, 7, 6, 6, 0);
INSERT INTO `osce_post_room` (id, room, osce_post, course, version) VALUES (45, 10, 7, 7, 0);
INSERT INTO `osce_post_room` (id, room, osce_post, course, version) VALUES (46, 11, 6, 7, 0);
INSERT INTO `osce_post_room` (id, room, osce_post, course, version) VALUES (47, 14, 7, 8, 0);
INSERT INTO `osce_post_room` (id, room, osce_post, course, version) VALUES (48, 15, 6, 8, 0);