INSERT INTO `osce`.`profession` (`id`,`profession`,`version`) VALUES (1,'Elektromechaniker/in','0');
INSERT INTO `osce`.`profession` (`id`,`profession`,`version`) VALUES (2,'Student/in','0');
INSERT INTO `osce`.`profession` (`id`,`profession`,`version`) VALUES (3,'Rentner/in','0');
INSERT INTO `osce`.`profession` (`id`,`profession`,`version`) VALUES (6,'Yoga-Lehrer/in ','0');
INSERT INTO `osce`.`profession` (`id`,`profession`,`version`) VALUES (8,'Techniker/in','0');
INSERT INTO `osce`.`profession` (`id`,`profession`,`version`) VALUES (10,'Pflegeassistent/in','0');
INSERT INTO `osce`.`profession` (`id`,`profession`,`version`) VALUES (11,'Konditor/in','0');
INSERT INTO `osce`.`profession` (`id`,`profession`,`version`) VALUES (12,'Schauspielerin/Historiker','0');
INSERT INTO `osce`.`profession` (`id`,`profession`,`version`) VALUES (13,'Kmf.Angestellte / Masseurin','0');
INSERT INTO `osce`.`profession` (`id`,`profession`,`version`) VALUES (14,'Biologe/in','0');
INSERT INTO `osce`.`profession` (`id`,`profession`,`version`) VALUES (15,'Schüler/in','0');
INSERT INTO `osce`.`profession` (`id`,`profession`,`version`) VALUES (17,'Elektromonteur/in','0');
INSERT INTO `osce`.`profession` (`id`,`profession`,`version`) VALUES (18,'Physiotherapeut/in','0');
INSERT INTO `osce`.`profession` (`id`,`profession`,`version`) VALUES (19,'AKP','0');
INSERT INTO `osce`.`profession` (`id`,`profession`,`version`) VALUES (20,'Kfm. Angestellte/r','0');
INSERT INTO `osce`.`profession` (`id`,`profession`,`version`) VALUES (22,'- keine Angabe -','0');
INSERT INTO `osce`.`profession` (`id`,`profession`,`version`) VALUES (24,'Schauspieler/Service Manager','0');
INSERT INTO `osce`.`profession` (`id`,`profession`,`version`) VALUES (25,'Pflegefachfrau/-mann','0');
INSERT INTO `osce`.`profession` (`id`,`profession`,`version`) VALUES (29,'Speditionskauffrau','0');
INSERT INTO `osce`.`profession` (`id`,`profession`,`version`) VALUES (30,'Elektroingenieur/in','0');
INSERT INTO `osce`.`profession` (`id`,`profession`,`version`) VALUES (31,'Schauspieler/in','0');
INSERT INTO `osce`.`profession` (`id`,`profession`,`version`) VALUES (32,'Restaurator/in','0');
INSERT INTO `osce`.`profession` (`id`,`profession`,`version`) VALUES (34,'Hausfrau/-mann','0');
INSERT INTO `osce`.`profession` (`id`,`profession`,`version`) VALUES (36,'Grafiker/in','0');
INSERT INTO `osce`.`profession` (`id`,`profession`,`version`) VALUES (37,'Orthopädieschuhmacher/in','0');
INSERT INTO `osce`.`profession` (`id`,`profession`,`version`) VALUES (39,'Kunstmaler/in','0');
INSERT INTO `osce`.`profession` (`id`,`profession`,`version`) VALUES (40,'Arzthelfer/in','0');
INSERT INTO `osce`.`profession` (`id`,`profession`,`version`) VALUES (41,'Bewegungspädagog/in','0');
INSERT INTO `osce`.`profession` (`id`,`profession`,`version`) VALUES (45,'Koch/Köchin','0');
INSERT INTO `osce`.`profession` (`id`,`profession`,`version`) VALUES (48,'Selbstständig','0');
INSERT INTO `osce`.`profession` (`id`,`profession`,`version`) VALUES (49,'Geologe/in','0');
INSERT INTO `osce`.`profession` (`id`,`profession`,`version`) VALUES (50,'Psych.Studentin/Physiotherapeutin','0');
INSERT INTO `osce`.`profession` (`id`,`profession`,`version`) VALUES (57,'Dipl. Organisator/in','0');
INSERT INTO `osce`.`profession` (`id`,`profession`,`version`) VALUES (58,'Visual Merch./Sozialpäd.i.A.','0');
INSERT INTO `osce`.`profession` (`id`,`profession`,`version`) VALUES (59,'Altenpfleger','0');
INSERT INTO `osce`.`profession` (`id`,`profession`,`version`) VALUES (60,'Dipl. HDL?','0');
INSERT INTO `osce`.`profession` (`id`,`profession`,`version`) VALUES (63,'Moderator/in','0');
INSERT INTO `osce`.`profession` (`id`,`profession`,`version`) VALUES (65,'Praktikant/in','0');
INSERT INTO `osce`.`profession` (`id`,`profession`,`version`) VALUES (67,'Dentalassistent/in','0');
INSERT INTO `osce`.`profession` (`id`,`profession`,`version`) VALUES (68,'Arbeitssuchend','0');
INSERT INTO `osce`.`profession` (`id`,`profession`,`version`) VALUES (69,'Friseur/in','0');
INSERT INTO `osce`.`profession` (`id`,`profession`,`version`) VALUES (72,'Physiker/in','0');
INSERT INTO `osce`.`profession` (`id`,`profession`,`version`) VALUES (79,'Heilerziehungspfleger/in','0');
INSERT INTO `osce`.`profession` (`id`,`profession`,`version`) VALUES (81,'Leiter/in Bistro','0');
INSERT INTO `osce`.`profession` (`id`,`profession`,`version`) VALUES (82,'Coach','0');
INSERT INTO `osce`.`profession` (`id`,`profession`,`version`) VALUES (84,'Jurist/in','0');
INSERT INTO `osce`.`profession` (`id`,`profession`,`version`) VALUES (85,'Kfm/Verkaufsleiter/Auf Arbeitssuche','0');
INSERT INTO `osce`.`profession` (`id`,`profession`,`version`) VALUES (86,'Richter/in','0');
INSERT INTO `osce`.`profession` (`id`,`profession`,`version`) VALUES (92,'Musiker/in','0');
INSERT INTO `osce`.`profession` (`id`,`profession`,`version`) VALUES (98,'Heilpraktiker/in','0');
INSERT INTO `osce`.`profession` (`id`,`profession`,`version`) VALUES (102,'Unternehmer/Sprecher','0');
INSERT INTO `osce`.`profession` (`id`,`profession`,`version`) VALUES (104,'Rettungssanitäter/in','0');
INSERT INTO `osce`.`profession` (`id`,`profession`,`version`) VALUES (108,'Drogist/in','0');
INSERT INTO `osce`.`profession` (`id`,`profession`,`version`) VALUES (110,'Architekt/in','0');
INSERT INTO `osce`.`profession` (`id`,`profession`,`version`) VALUES (111,'Akademiker/in','0');
INSERT INTO `osce`.`profession` (`id`,`profession`,`version`) VALUES (124,'Fussreflex','0');
INSERT INTO `osce`.`profession` (`id`,`profession`,`version`) VALUES (125,'Event-Manager Auf Stellensuche','0');
INSERT INTO `osce`.`profession` (`id`,`profession`,`version`) VALUES (128,'Theaterpädagoge','0');
INSERT INTO `osce`.`profession` (`id`,`profession`,`version`) VALUES (129,'Personalfachfrau','0');
INSERT INTO `osce`.`profession` (`id`,`profession`,`version`) VALUES (134,'Ernährungsberaterin','0');
INSERT INTO `osce`.`profession` (`id`,`profession`,`version`) VALUES (135,'Kindergärtner/in','0');
INSERT INTO `osce`.`profession` (`id`,`profession`,`version`) VALUES (136,'Pflegefachfrau / Sprachgestalterin','0');
INSERT INTO `osce`.`profession` (`id`,`profession`,`version`) VALUES (138,'Krankenpfleger/in','0');
INSERT INTO `osce`.`profession` (`id`,`profession`,`version`) VALUES (142,'MA Chir.Poliklinik','0');
INSERT INTO `osce`.`profession` (`id`,`profession`,`version`) VALUES (144,'Versicherungsbroker/in','0');
INSERT INTO `osce`.`profession` (`id`,`profession`,`version`) VALUES (146,'Sekretärin (Biologin)','0');
INSERT INTO `osce`.`profession` (`id`,`profession`,`version`) VALUES (148,'Unternehmer/in','0');
INSERT INTO `osce`.`profession` (`id`,`profession`,`version`) VALUES (150,'Finanzwirt','0');

INSERT INTO `osce`.`bankaccount` (`id`,`bic`,`iban`,`bank_name`,`city`,`country`,`owner_name`,`postal_code`,`version`) VALUES (1,'','CH66 0023 3233 1673 8598 0','UBS AG','4153 Reinach',NULL,'A. Aeschlimann',NULL,'0');
INSERT INTO `osce`.`bankaccount` (`id`,`bic`,`iban`,`bank_name`,`city`,`country`,`owner_name`,`postal_code`,`version`) VALUES (2,'CRESCHZZ80A','CH03 0483 5030 3141 0001','Credit Suisse','Basel',NULL,'Noora Al Rubai',NULL,'0');
INSERT INTO `osce`.`bankaccount` (`id`,`bic`,`iban`,`bank_name`,`city`,`country`,`owner_name`,`postal_code`,`version`) VALUES (3,'','CH46 0483 5070 1478 0000 0','Credit Suisse','Zürich',NULL,'',NULL,'0');
INSERT INTO `osce`.`bankaccount` (`id`,`bic`,`iban`,`bank_name`,`city`,`country`,`owner_name`,`postal_code`,`version`) VALUES (4,'80776','CH21 8077 6000 0022 7073 8','Raiffeisenbank','4144 Arlesheim',NULL,'D. Anwander',NULL,'0');
INSERT INTO `osce`.`bankaccount` (`id`,`bic`,`iban`,`bank_name`,`city`,`country`,`owner_name`,`postal_code`,`version`) VALUES (5,'','','','',NULL,'',NULL,'0');
INSERT INTO `osce`.`bankaccount` (`id`,`bic`,`iban`,`bank_name`,`city`,`country`,`owner_name`,`postal_code`,`version`) VALUES (6,'BKBBCHBB','CH10 0077 0016 0579 5927 6','Basler Kantonalbank','4002 Basel',NULL,'Bernhard Awe',NULL,'0');
INSERT INTO `osce`.`bankaccount` (`id`,`bic`,`iban`,`bank_name`,`city`,`country`,`owner_name`,`postal_code`,`version`) VALUES (7,'BKBBCHBB','CH10 0077 0016 0579 5927 6','Basler Kantonalbank','4002 Basel',NULL,'Bernhard Awe',NULL,'0');
INSERT INTO `osce`.`bankaccount` (`id`,`bic`,`iban`,`bank_name`,`city`,`country`,`owner_name`,`postal_code`,`version`) VALUES (8,'','CH49 0900 0000 4067 7118 9','Post','3030 Bern',NULL,'',NULL,'0');
INSERT INTO `osce`.`bankaccount` (`id`,`bic`,`iban`,`bank_name`,`city`,`country`,`owner_name`,`postal_code`,`version`) VALUES (9,'','CH54 0840 1000 0510 8177 6','Migros-Bank AG','8010 Zürich-Mülligen',NULL,'Jutta Benndorf',NULL,'0');
INSERT INTO `osce`.`bankaccount` (`id`,`bic`,`iban`,`bank_name`,`city`,`country`,`owner_name`,`postal_code`,`version`) VALUES (10,'','','','',NULL,'',NULL,'0');
INSERT INTO `osce`.`bankaccount` (`id`,`bic`,`iban`,`bank_name`,`city`,`country`,`owner_name`,`postal_code`,`version`) VALUES (11,'','','Post','2553 Safnern',NULL,'Adrian Bigler',NULL,'0');
INSERT INTO `osce`.`bankaccount` (`id`,`bic`,`iban`,`bank_name`,`city`,`country`,`owner_name`,`postal_code`,`version`) VALUES (12,'','','','',NULL,'',NULL,'0');
INSERT INTO `osce`.`bankaccount` (`id`,`bic`,`iban`,`bank_name`,`city`,`country`,`owner_name`,`postal_code`,`version`) VALUES (13,'BKBBCHBB','CH66 0077 0016 5498 1005 7','Basler Kantonalbank','4001 Basel',NULL,'Clivia Blank',NULL,'0');
INSERT INTO `osce`.`bankaccount` (`id`,`bic`,`iban`,`bank_name`,`city`,`country`,`owner_name`,`postal_code`,`version`) VALUES (14,'','','','',NULL,'',NULL,'0');
INSERT INTO `osce`.`bankaccount` (`id`,`bic`,`iban`,`bank_name`,`city`,`country`,`owner_name`,`postal_code`,`version`) VALUES (15,'','DE20683515570003022118','Sparkasse Schopfheim-Zell','',NULL,'',NULL,'0');
INSERT INTO `osce`.`bankaccount` (`id`,`bic`,`iban`,`bank_name`,`city`,`country`,`owner_name`,`postal_code`,`version`) VALUES (16,'','','','',NULL,'',NULL,'0');
INSERT INTO `osce`.`bankaccount` (`id`,`bic`,`iban`,`bank_name`,`city`,`country`,`owner_name`,`postal_code`,`version`) VALUES (17,'','CH49 0076 9016 9252 3387 8','Basler Kantonalbank','4410 Liestal',NULL,'Reto Brechbühl',NULL,'0');
INSERT INTO `osce`.`bankaccount` (`id`,`bic`,`iban`,`bank_name`,`city`,`country`,`owner_name`,`postal_code`,`version`) VALUES (18,'','CH50 0900 0000 4053 2548 3','Post Finance','',NULL,'Frank Breipohl',NULL,'0');
INSERT INTO `osce`.`bankaccount` (`id`,`bic`,`iban`,`bank_name`,`city`,`country`,`owner_name`,`postal_code`,`version`) VALUES (19,'','','','',NULL,'',NULL,'0');
INSERT INTO `osce`.`bankaccount` (`id`,`bic`,`iban`,`bank_name`,`city`,`country`,`owner_name`,`postal_code`,`version`) VALUES (20,'','','','',NULL,'',NULL,'0');
INSERT INTO `osce`.`bankaccount` (`id`,`bic`,`iban`,`bank_name`,`city`,`country`,`owner_name`,`postal_code`,`version`) VALUES (21,'SOLADES1SFH','DE17 6835 1557 0116 6359 99','Sparkasse Schopfheim-Zell','79688 Hausen',NULL,'Martin Böhler',NULL,'0');
INSERT INTO `osce`.`bankaccount` (`id`,`bic`,`iban`,`bank_name`,`city`,`country`,`owner_name`,`postal_code`,`version`) VALUES (22,'POFICHBEXX','CH27 0900 0000 4024 2957 4','Postfinance','',NULL,'Ines Burkart',NULL,'0');
INSERT INTO `osce`.`bankaccount` (`id`,`bic`,`iban`,`bank_name`,`city`,`country`,`owner_name`,`postal_code`,`version`) VALUES (23,'','','','',NULL,'',NULL,'0');
INSERT INTO `osce`.`bankaccount` (`id`,`bic`,`iban`,`bank_name`,`city`,`country`,`owner_name`,`postal_code`,`version`) VALUES (24,'POFICHBEXXX','CH09 0900 0000 4050 5423 3','Postfinance','',NULL,'',NULL,'0');
INSERT INTO `osce`.`bankaccount` (`id`,`bic`,`iban`,`bank_name`,`city`,`country`,`owner_name`,`postal_code`,`version`) VALUES (25,'POFICHBEXXX','CH71 0900 0000 4079 5758 8','Postfinance','3030 Bern',NULL,'B. Dackweiler',NULL,'0');
INSERT INTO `osce`.`bankaccount` (`id`,`bic`,`iban`,`bank_name`,`city`,`country`,`owner_name`,`postal_code`,`version`) VALUES (26,'','','','',NULL,'',NULL,'0');
INSERT INTO `osce`.`bankaccount` (`id`,`bic`,`iban`,`bank_name`,`city`,`country`,`owner_name`,`postal_code`,`version`) VALUES (27,'','','Credit Suisse','Rheinfelden',NULL,'Günter Neuschütz',NULL,'0');
INSERT INTO `osce`.`bankaccount` (`id`,`bic`,`iban`,`bank_name`,`city`,`country`,`owner_name`,`postal_code`,`version`) VALUES (28,'BKBBCHBBXXX','CH83 0077 0016 0581 2247 4','Kantonalbank Basel','',NULL,'Dirk Dreher',NULL,'0');
INSERT INTO `osce`.`bankaccount` (`id`,`bic`,`iban`,`bank_name`,`city`,`country`,`owner_name`,`postal_code`,`version`) VALUES (29,'','','','',NULL,'',NULL,'0');
INSERT INTO `osce`.`bankaccount` (`id`,`bic`,`iban`,`bank_name`,`city`,`country`,`owner_name`,`postal_code`,`version`) VALUES (30,'','','','',NULL,'',NULL,'0');
INSERT INTO `osce`.`bankaccount` (`id`,`bic`,`iban`,`bank_name`,`city`,`country`,`owner_name`,`postal_code`,`version`) VALUES (31,'','','','',NULL,'',NULL,'0');
INSERT INTO `osce`.`bankaccount` (`id`,`bic`,`iban`,`bank_name`,`city`,`country`,`owner_name`,`postal_code`,`version`) VALUES (32,'UBSWCHZH80A','CH58 0023 3233 5546 9840 C','UBS AG','4153 Reinach',NULL,'Yvonne Erb Singh',NULL,'0');
INSERT INTO `osce`.`bankaccount` (`id`,`bic`,`iban`,`bank_name`,`city`,`country`,`owner_name`,`postal_code`,`version`) VALUES (33,'','','','',NULL,'',NULL,'0');
INSERT INTO `osce`.`bankaccount` (`id`,`bic`,`iban`,`bank_name`,`city`,`country`,`owner_name`,`postal_code`,`version`) VALUES (34,'BLKBCH22','CH30 0076 9016 1213 0471 9','BKB','4410 Liestal',NULL,'A. Fässler-Röser',NULL,'0');
INSERT INTO `osce`.`bankaccount` (`id`,`bic`,`iban`,`bank_name`,`city`,`country`,`owner_name`,`postal_code`,`version`) VALUES (35,'','CH59 0900 0000 4079 8040 5','Post','',NULL,'',NULL,'0');
INSERT INTO `osce`.`bankaccount` (`id`,`bic`,`iban`,`bank_name`,`city`,`country`,`owner_name`,`postal_code`,`version`) VALUES (36,'','','','',NULL,'',NULL,'0');
INSERT INTO `osce`.`bankaccount` (`id`,`bic`,`iban`,`bank_name`,`city`,`country`,`owner_name`,`postal_code`,`version`) VALUES (37,'','','','',NULL,'',NULL,'0');
INSERT INTO `osce`.`bankaccount` (`id`,`bic`,`iban`,`bank_name`,`city`,`country`,`owner_name`,`postal_code`,`version`) VALUES (38,'POFICHBEXXX','CH85 0900 0000 4023 0553 4','Postfinance','3030 Bern',NULL,'Ursina Früh',NULL,'0');
INSERT INTO `osce`.`bankaccount` (`id`,`bic`,`iban`,`bank_name`,`city`,`country`,`owner_name`,`postal_code`,`version`) VALUES (39,'PBNKDEFF','DE60 6001 0070 0341 2037 09','Postbank','D-80317 München',NULL,'S. Fulde',NULL,'0');
INSERT INTO `osce`.`bankaccount` (`id`,`bic`,`iban`,`bank_name`,`city`,`country`,`owner_name`,`postal_code`,`version`) VALUES (40,'','CH26 0023 3233 2829 8063 0','UBS Basel','Basel',NULL,'Moni Gugger',NULL,'0');
INSERT INTO `osce`.`bankaccount` (`id`,`bic`,`iban`,`bank_name`,`city`,`country`,`owner_name`,`postal_code`,`version`) VALUES (41,'','','','',NULL,'',NULL,'0');
INSERT INTO `osce`.`bankaccount` (`id`,`bic`,`iban`,`bank_name`,`city`,`country`,`owner_name`,`postal_code`,`version`) VALUES (42,'','','Basler Kantonalbank','',NULL,'Lena Homberg',NULL,'0');
INSERT INTO `osce`.`bankaccount` (`id`,`bic`,`iban`,`bank_name`,`city`,`country`,`owner_name`,`postal_code`,`version`) VALUES (43,'','','Basler Kantonalbank','',NULL,'Lena Homberg',NULL,'0');
INSERT INTO `osce`.`bankaccount` (`id`,`bic`,`iban`,`bank_name`,`city`,`country`,`owner_name`,`postal_code`,`version`) VALUES (44,'','CH 39 0029 2292 IQ 1494980','UBS','4002 Basel',NULL,'',NULL,'0');
INSERT INTO `osce`.`bankaccount` (`id`,`bic`,`iban`,`bank_name`,`city`,`country`,`owner_name`,`postal_code`,`version`) VALUES (45,'RAIFCH22','CH03 8085 3000 0053 9798 4','Raifeissenbank','3852 Ringgenberg',NULL,'M. Gieschen',NULL,'0');
INSERT INTO `osce`.`bankaccount` (`id`,`bic`,`iban`,`bank_name`,`city`,`country`,`owner_name`,`postal_code`,`version`) VALUES (46,'','','Credit Suisse','Rheinfelden',NULL,'Günter Neuschütz',NULL,'0');
INSERT INTO `osce`.`bankaccount` (`id`,`bic`,`iban`,`bank_name`,`city`,`country`,`owner_name`,`postal_code`,`version`) VALUES (47,'','CH87 0023 3233 1222 2696 1','UBS AG','4020 Basel',NULL,'V. Giglio',NULL,'0');
INSERT INTO `osce`.`bankaccount` (`id`,`bic`,`iban`,`bank_name`,`city`,`country`,`owner_name`,`postal_code`,`version`) VALUES (48,'','','','',NULL,'',NULL,'0');
INSERT INTO `osce`.`bankaccount` (`id`,`bic`,`iban`,`bank_name`,`city`,`country`,`owner_name`,`postal_code`,`version`) VALUES (49,'','CH82 0077 4110 4221 7290 0','Graubündner Kantonalbank','Chur',NULL,'R. Gonzalez',NULL,'0');
INSERT INTO `osce`.`bankaccount` (`id`,`bic`,`iban`,`bank_name`,`city`,`country`,`owner_name`,`postal_code`,`version`) VALUES (50,'','','','',NULL,'',NULL,'0');
INSERT INTO `osce`.`bankaccount` (`id`,`bic`,`iban`,`bank_name`,`city`,`country`,`owner_name`,`postal_code`,`version`) VALUES (51,'BZPLCHZZ','CH34 0870 3003 7027 0110 0','Zweiplus AG ','Zürich',NULL,'Heinz Gugger',NULL,'0');
INSERT INTO `osce`.`bankaccount` (`id`,`bic`,`iban`,`bank_name`,`city`,`country`,`owner_name`,`postal_code`,`version`) VALUES (52,'UBSWCHZ80A','CH26 0023 3233 2829 8063 0','UBS Basel','Basel',NULL,'Monika Gugger',NULL,'0');
INSERT INTO `osce`.`bankaccount` (`id`,`bic`,`iban`,`bank_name`,`city`,`country`,`owner_name`,`postal_code`,`version`) VALUES (53,'','','Coop Bank Basel','',NULL,'Lisa Günther',NULL,'0');
INSERT INTO `osce`.`bankaccount` (`id`,`bic`,`iban`,`bank_name`,`city`,`country`,`owner_name`,`postal_code`,`version`) VALUES (54,'','','','',NULL,'',NULL,'0');
INSERT INTO `osce`.`bankaccount` (`id`,`bic`,`iban`,`bank_name`,`city`,`country`,`owner_name`,`postal_code`,`version`) VALUES (55,'','','','',NULL,'',NULL,'0');
INSERT INTO `osce`.`bankaccount` (`id`,`bic`,`iban`,`bank_name`,`city`,`country`,`owner_name`,`postal_code`,`version`) VALUES (56,'BLKBCH22','CH49 0076 9016 1452 2622 6','BKB','4132 Muttenz',NULL,'Elke Hamm Geiser',NULL,'0');
INSERT INTO `osce`.`bankaccount` (`id`,`bic`,`iban`,`bank_name`,`city`,`country`,`owner_name`,`postal_code`,`version`) VALUES (57,'AHHBCH22XXX','CH58 0588 1041 8716 1000 0','Neue Aargauer Bank','5001 Aargau',NULL,'Felix Heiniger',NULL,'0');
INSERT INTO `osce`.`bankaccount` (`id`,`bic`,`iban`,`bank_name`,`city`,`country`,`owner_name`,`postal_code`,`version`) VALUES (58,'','CH15 0077 0016 5435 7145 0','Basler Kantonalbank','Basel',NULL,'S. Hensel',NULL,'0');
INSERT INTO `osce`.`bankaccount` (`id`,`bic`,`iban`,`bank_name`,`city`,`country`,`owner_name`,`postal_code`,`version`) VALUES (59,'','CH 65 0839 2000 0000 3752 4','Freie Gemeinschaftsbank','Basel',NULL,'J. Hess',NULL,'0');
INSERT INTO `osce`.`bankaccount` (`id`,`bic`,`iban`,`bank_name`,`city`,`country`,`owner_name`,`postal_code`,`version`) VALUES (60,'BKBBCHBBXXX','CH45 0077 0016 0426 3798 1','Basler Kantonalbank','4002 Basel',NULL,'H. Hirsch +M. Hirsch',NULL,'0');
INSERT INTO `osce`.`bankaccount` (`id`,`bic`,`iban`,`bank_name`,`city`,`country`,`owner_name`,`postal_code`,`version`) VALUES (61,'','CH94 0070 0113 5000 2120 7','Zürcher Kantonalbank','8132 Egg',NULL,'D. Hirsekorn',NULL,'0');
INSERT INTO `osce`.`bankaccount` (`id`,`bic`,`iban`,`bank_name`,`city`,`country`,`owner_name`,`postal_code`,`version`) VALUES (62,'','','Basler Kantonalbank','',NULL,'',NULL,'0');
INSERT INTO `osce`.`bankaccount` (`id`,`bic`,`iban`,`bank_name`,`city`,`country`,`owner_name`,`postal_code`,`version`) VALUES (63,'','','','',NULL,'',NULL,'0');
INSERT INTO `osce`.`bankaccount` (`id`,`bic`,`iban`,`bank_name`,`city`,`country`,`owner_name`,`postal_code`,`version`) VALUES (64,'','CH59 0900 0000 4079 8040 5','Post','',NULL,'A. Fernex',NULL,'0');
INSERT INTO `osce`.`bankaccount` (`id`,`bic`,`iban`,`bank_name`,`city`,`country`,`owner_name`,`postal_code`,`version`) VALUES (65,'','DE2236010043','Post','Schopfheim',NULL,'',NULL,'0');
INSERT INTO `osce`.`bankaccount` (`id`,`bic`,`iban`,`bank_name`,`city`,`country`,`owner_name`,`postal_code`,`version`) VALUES (66,'','','','',NULL,'',NULL,'0');
INSERT INTO `osce`.`bankaccount` (`id`,`bic`,`iban`,`bank_name`,`city`,`country`,`owner_name`,`postal_code`,`version`) VALUES (67,'','CH67 0076 9016 1275 4774 9','Basler Kantonalbank','4410 Liestal',NULL,'Catiuscia Jud-Girardi',NULL,'0');
INSERT INTO `osce`.`bankaccount` (`id`,`bic`,`iban`,`bank_name`,`city`,`country`,`owner_name`,`postal_code`,`version`) VALUES (68,'','','','',NULL,'',NULL,'0');
INSERT INTO `osce`.`bankaccount` (`id`,`bic`,`iban`,`bank_name`,`city`,`country`,`owner_name`,`postal_code`,`version`) VALUES (69,'BKBBCHBBXXX','CH82 0077 0015 5514 0988 1','Basler Kantonalbank','Basel',NULL,'Mirjam Karlin',NULL,'0');
INSERT INTO `osce`.`bankaccount` (`id`,`bic`,`iban`,`bank_name`,`city`,`country`,`owner_name`,`postal_code`,`version`) VALUES (70,'','DE80371600870940575001','Kölner Bank','',NULL,'',NULL,'0');
INSERT INTO `osce`.`bankaccount` (`id`,`bic`,`iban`,`bank_name`,`city`,`country`,`owner_name`,`postal_code`,`version`) VALUES (71,'POFICHBEXXX','CH17 0900 0000 3075 9392 1','Post','2552 Orpund',NULL,'Mannik Keng',NULL,'0');
INSERT INTO `osce`.`bankaccount` (`id`,`bic`,`iban`,`bank_name`,`city`,`country`,`owner_name`,`postal_code`,`version`) VALUES (72,'UBSWCHZH80A','CH57 0023 3233 6918 4740 E','UBS AG','8000 Zürich',NULL,'D. Keuerleber',NULL,'0');
INSERT INTO `osce`.`bankaccount` (`id`,`bic`,`iban`,`bank_name`,`city`,`country`,`owner_name`,`postal_code`,`version`) VALUES (73,'COOPCHBB','CH95 0844 0934 2853 0000 4','Bank Coop','4002 Basel',NULL,'Anna Kofmel',NULL,'0');
INSERT INTO `osce`.`bankaccount` (`id`,`bic`,`iban`,`bank_name`,`city`,`country`,`owner_name`,`postal_code`,`version`) VALUES (74,'','CH00 2332 3365 4026 40B','UBS','4127 Birsfelden',NULL,'E. Koranteng',NULL,'0');
INSERT INTO `osce`.`bankaccount` (`id`,`bic`,`iban`,`bank_name`,`city`,`country`,`owner_name`,`postal_code`,`version`) VALUES (75,'','','','',NULL,'',NULL,'0');
INSERT INTO `osce`.`bankaccount` (`id`,`bic`,`iban`,`bank_name`,`city`,`country`,`owner_name`,`postal_code`,`version`) VALUES (76,'','CH02 0900 0000 4007 8713 5','Postfinance','Basel',NULL,'Dagmar Richter-Kuttler',NULL,'0');
INSERT INTO `osce`.`bankaccount` (`id`,`bic`,`iban`,`bank_name`,`city`,`country`,`owner_name`,`postal_code`,`version`) VALUES (77,'','','','',NULL,'',NULL,'0');
INSERT INTO `osce`.`bankaccount` (`id`,`bic`,`iban`,`bank_name`,`city`,`country`,`owner_name`,`postal_code`,`version`) VALUES (78,'','DE142827419','Sparkasse Hochrhein','D-79664 Wehr',NULL,'',NULL,'0');
INSERT INTO `osce`.`bankaccount` (`id`,`bic`,`iban`,`bank_name`,`city`,`country`,`owner_name`,`postal_code`,`version`) VALUES (79,'','CH96 077 0016 0421 5186 9','Basler Kantonalbank','',NULL,'Andreas Maier',NULL,'0');
INSERT INTO `osce`.`bankaccount` (`id`,`bic`,`iban`,`bank_name`,`city`,`country`,`owner_name`,`postal_code`,`version`) VALUES (80,'','CH19 0840 1016 1933 6970 7','Migros Bank','4125 Riehen',NULL,'Manuela Maurer',NULL,'0');
INSERT INTO `osce`.`bankaccount` (`id`,`bic`,`iban`,`bank_name`,`city`,`country`,`owner_name`,`postal_code`,`version`) VALUES (81,'UBSWCHZH80H','CH76 0020 2202 Q871 1178 0','UBS AG','8098 Zürich',NULL,'Anita Menet',NULL,'0');
INSERT INTO `osce`.`bankaccount` (`id`,`bic`,`iban`,`bank_name`,`city`,`country`,`owner_name`,`postal_code`,`version`) VALUES (82,'','','','',NULL,'',NULL,'0');
INSERT INTO `osce`.`bankaccount` (`id`,`bic`,`iban`,`bank_name`,`city`,`country`,`owner_name`,`postal_code`,`version`) VALUES (83,'BKBBCHBBXXX','CH48 0077 0016 5449 6629 8','Basler Kantonalbank','4002 Basel',NULL,'N. Miglioretto',NULL,'0');
INSERT INTO `osce`.`bankaccount` (`id`,`bic`,`iban`,`bank_name`,`city`,`country`,`owner_name`,`postal_code`,`version`) VALUES (84,'','','','',NULL,'',NULL,'0');
INSERT INTO `osce`.`bankaccount` (`id`,`bic`,`iban`,`bank_name`,`city`,`country`,`owner_name`,`postal_code`,`version`) VALUES (85,'','','','',NULL,'',NULL,'0');
INSERT INTO `osce`.`bankaccount` (`id`,`bic`,`iban`,`bank_name`,`city`,`country`,`owner_name`,`postal_code`,`version`) VALUES (86,'','','','',NULL,'',NULL,'0');
INSERT INTO `osce`.`bankaccount` (`id`,`bic`,`iban`,`bank_name`,`city`,`country`,`owner_name`,`postal_code`,`version`) VALUES (87,'','CH42 0483 5090 5925 7000 0','Credit Suisse Rheinfelden','Basel',NULL,'Günter Neuschütz',NULL,'0');
INSERT INTO `osce`.`bankaccount` (`id`,`bic`,`iban`,`bank_name`,`city`,`country`,`owner_name`,`postal_code`,`version`) VALUES (88,'','CH42 0483 5090 5925 7000 0','Credit Suisse Rheinfelden','Basel',NULL,'Günter Neuschütz',NULL,'0');
INSERT INTO `osce`.`bankaccount` (`id`,`bic`,`iban`,`bank_name`,`city`,`country`,`owner_name`,`postal_code`,`version`) VALUES (89,'','','','',NULL,'',NULL,'0');
INSERT INTO `osce`.`bankaccount` (`id`,`bic`,`iban`,`bank_name`,`city`,`country`,`owner_name`,`postal_code`,`version`) VALUES (90,'','','','',NULL,'',NULL,'0');
INSERT INTO `osce`.`bankaccount` (`id`,`bic`,`iban`,`bank_name`,`city`,`country`,`owner_name`,`postal_code`,`version`) VALUES (91,'','CH16 0076 9016 2006 4253 2','Basellandschaftliche Kantonalbank','4102 Binningen',NULL,'',NULL,'0');
INSERT INTO `osce`.`bankaccount` (`id`,`bic`,`iban`,`bank_name`,`city`,`country`,`owner_name`,`postal_code`,`version`) VALUES (92,'','CH20 0023 3233 2828 9305 0','UBS AG','Allschwil',NULL,'',NULL,'0');
INSERT INTO `osce`.`bankaccount` (`id`,`bic`,`iban`,`bank_name`,`city`,`country`,`owner_name`,`postal_code`,`version`) VALUES (93,'POFICHBEXXX','CH31 0900 0000 4016 8134 1','Postfinance','4056 Basel',NULL,'',NULL,'0');
INSERT INTO `osce`.`bankaccount` (`id`,`bic`,`iban`,`bank_name`,`city`,`country`,`owner_name`,`postal_code`,`version`) VALUES (94,'BKBBCHBBXXX','CH76 0077 0252 5824 0200 1','Basler Kantonalbank','4002 Basel',NULL,'Michael Ochmann',NULL,'0');
INSERT INTO `osce`.`bankaccount` (`id`,`bic`,`iban`,`bank_name`,`city`,`country`,`owner_name`,`postal_code`,`version`) VALUES (95,'UBSWCHZ80A','CH13 0029 2292 5589 3840 E','UBS Basel','4002 Basel',NULL,'Heike Osenger',NULL,'0');
INSERT INTO `osce`.`bankaccount` (`id`,`bic`,`iban`,`bank_name`,`city`,`country`,`owner_name`,`postal_code`,`version`) VALUES (96,'SOLADES1WHT','CH15 0023 1231 2752 9840 D','UBS Basel','Basel',NULL,'Helga Pfeiffer',NULL,'0');
INSERT INTO `osce`.`bankaccount` (`id`,`bic`,`iban`,`bank_name`,`city`,`country`,`owner_name`,`postal_code`,`version`) VALUES (97,'','CH18 0023 0230 4372 2601 J','UBS Zürich','Zürich',NULL,'Hartmut Pfeil',NULL,'0');
INSERT INTO `osce`.`bankaccount` (`id`,`bic`,`iban`,`bank_name`,`city`,`country`,`owner_name`,`postal_code`,`version`) VALUES (98,'','CH66 0077 0016 5403 6536 1','Kantonalbank Basel','Basel',NULL,'Ulrich Pleines',NULL,'0');
INSERT INTO `osce`.`bankaccount` (`id`,`bic`,`iban`,`bank_name`,`city`,`country`,`owner_name`,`postal_code`,`version`) VALUES (99,'','CH47 0840 1016 2043 9160 4','Migrosbank Basel','Basel',NULL,'Annette Pomnitz',NULL,'0');
INSERT INTO `osce`.`bankaccount` (`id`,`bic`,`iban`,`bank_name`,`city`,`country`,`owner_name`,`postal_code`,`version`) VALUES (100,'','CH82 0840 1000 0518 1895 7','Migrosbank Basel','Basel',NULL,'Josefine Pomnitz',NULL,'0');
INSERT INTO `osce`.`bankaccount` (`id`,`bic`,`iban`,`bank_name`,`city`,`country`,`owner_name`,`postal_code`,`version`) VALUES (101,'','CH47 0840 1016 2043 9160 4','Migrosbank Basel','Basel',NULL,'Annette Pomnitz',NULL,'0');
INSERT INTO `osce`.`bankaccount` (`id`,`bic`,`iban`,`bank_name`,`city`,`country`,`owner_name`,`postal_code`,`version`) VALUES (102,'','','','',NULL,'',NULL,'0');
INSERT INTO `osce`.`bankaccount` (`id`,`bic`,`iban`,`bank_name`,`city`,`country`,`owner_name`,`postal_code`,`version`) VALUES (103,'','','','',NULL,'',NULL,'0');
INSERT INTO `osce`.`bankaccount` (`id`,`bic`,`iban`,`bank_name`,`city`,`country`,`owner_name`,`postal_code`,`version`) VALUES (104,'','CH86 8147 9000 0021 7903 1','Raiffeisenbank Weinland','',NULL,'Otmar Reeh',NULL,'0');
INSERT INTO `osce`.`bankaccount` (`id`,`bic`,`iban`,`bank_name`,`city`,`country`,`owner_name`,`postal_code`,`version`) VALUES (105,'','','','',NULL,'',NULL,'0');
INSERT INTO `osce`.`bankaccount` (`id`,`bic`,`iban`,`bank_name`,`city`,`country`,`owner_name`,`postal_code`,`version`) VALUES (106,'','','','',NULL,'',NULL,'0');
INSERT INTO `osce`.`bankaccount` (`id`,`bic`,`iban`,`bank_name`,`city`,`country`,`owner_name`,`postal_code`,`version`) VALUES (107,'','CH78 0023 3233 5494 1840 N','UBS Riehen','4125 Riehen',NULL,'',NULL,'0');
INSERT INTO `osce`.`bankaccount` (`id`,`bic`,`iban`,`bank_name`,`city`,`country`,`owner_name`,`postal_code`,`version`) VALUES (108,'SOLADES1LOE','DE52 6835 0048 0122 1905 31','Sparkasse Lörrach-Rheinfelden','79639 Grenzach-Wyhlen',NULL,'Getrud Richter',NULL,'0');
INSERT INTO `osce`.`bankaccount` (`id`,`bic`,`iban`,`bank_name`,`city`,`country`,`owner_name`,`postal_code`,`version`) VALUES (109,'','CH02 0900 0000 4007 8713 5','Post','Basel',NULL,'D. Richter-Kuttler',NULL,'0');
INSERT INTO `osce`.`bankaccount` (`id`,`bic`,`iban`,`bank_name`,`city`,`country`,`owner_name`,`postal_code`,`version`) VALUES (110,'','','','',NULL,'',NULL,'0');
INSERT INTO `osce`.`bankaccount` (`id`,`bic`,`iban`,`bank_name`,`city`,`country`,`owner_name`,`postal_code`,`version`) VALUES (111,'84 01016 8253 5830 3','4053 Basel','Migrosbank Basel','Filiale Gundelitor',NULL,'MIGRCHZZ80A',NULL,'0');
INSERT INTO `osce`.`bankaccount` (`id`,`bic`,`iban`,`bank_name`,`city`,`country`,`owner_name`,`postal_code`,`version`) VALUES (112,'UBSWCHZH80A','CH04 0028 8288 1013 8240 A','UBS ','6210 Sursee',NULL,'Felicia Schaefer',NULL,'0');
INSERT INTO `osce`.`bankaccount` (`id`,`bic`,`iban`,`bank_name`,`city`,`country`,`owner_name`,`postal_code`,`version`) VALUES (113,'','CH70 80784 0000 4313 1468','Raiffeisen Bank','Therwil',NULL,'THS-Music',NULL,'0');
INSERT INTO `osce`.`bankaccount` (`id`,`bic`,`iban`,`bank_name`,`city`,`country`,`owner_name`,`postal_code`,`version`) VALUES (114,'BKBBCHBBXXX','CH15 0077 0252 7262 1200 1','Basler Kantonalbank','4002 Basel',NULL,'Frank Scheffler',NULL,'0');
INSERT INTO `osce`.`bankaccount` (`id`,`bic`,`iban`,`bank_name`,`city`,`country`,`owner_name`,`postal_code`,`version`) VALUES (115,'POFICHBEXXX','CH41 0900 0000 9003 8163 5','Postfinance SwissPost','',NULL,'Carl Anton + Monika Schlaepfer',NULL,'0');
INSERT INTO `osce`.`bankaccount` (`id`,`bic`,`iban`,`bank_name`,`city`,`country`,`owner_name`,`postal_code`,`version`) VALUES (116,'BKBBCHBB','CH52 0077 0252 6507 8200 1','Basler Kantonalbank','Basel',NULL,'',NULL,'0');
INSERT INTO `osce`.`bankaccount` (`id`,`bic`,`iban`,`bank_name`,`city`,`country`,`owner_name`,`postal_code`,`version`) VALUES (117,'UBSWCHZH80A','CH93 0023 3233 8184 9840X','UBS AG','4058 Basel',NULL,'Muriel Schmid',NULL,'0');
INSERT INTO `osce`.`bankaccount` (`id`,`bic`,`iban`,`bank_name`,`city`,`country`,`owner_name`,`postal_code`,`version`) VALUES (118,'','','','',NULL,'',NULL,'0');
INSERT INTO `osce`.`bankaccount` (`id`,`bic`,`iban`,`bank_name`,`city`,`country`,`owner_name`,`postal_code`,`version`) VALUES (119,'CH33 0077 0016 5471 5246 3','4052 Basel','Basler Kantonalbank','Filiale Breite',NULL,'165.471.524.63 CHF',NULL,'0');
INSERT INTO `osce`.`bankaccount` (`id`,`bic`,`iban`,`bank_name`,`city`,`country`,`owner_name`,`postal_code`,`version`) VALUES (120,'','CH23 80780 0000 0287 6364','Raiffeisen Bank','Reinach',NULL,'Schmidli',NULL,'0');
INSERT INTO `osce`.`bankaccount` (`id`,`bic`,`iban`,`bank_name`,`city`,`country`,`owner_name`,`postal_code`,`version`) VALUES (121,'BKBBCHBBXXX','CH49 0077 0016 0504 5730','Basler Kantonalbank','4002 Basel',NULL,'Irmgard Schmidt',NULL,'0');
INSERT INTO `osce`.`bankaccount` (`id`,`bic`,`iban`,`bank_name`,`city`,`country`,`owner_name`,`postal_code`,`version`) VALUES (122,'','','','',NULL,'',NULL,'0');
INSERT INTO `osce`.`bankaccount` (`id`,`bic`,`iban`,`bank_name`,`city`,`country`,`owner_name`,`postal_code`,`version`) VALUES (123,'','CH28 0077 0252 8578 7200 1','Basler Kantonalbank','Basel',NULL,'Michael Walz',NULL,'0');
INSERT INTO `osce`.`bankaccount` (`id`,`bic`,`iban`,`bank_name`,`city`,`country`,`owner_name`,`postal_code`,`version`) VALUES (124,'MIGRCHZZ80A','CH30 0840 1016 8265 4700 0','Migrosbank AG','8010 Zürich',NULL,'Sonja Schwarz',NULL,'0');
INSERT INTO `osce`.`bankaccount` (`id`,`bic`,`iban`,`bank_name`,`city`,`country`,`owner_name`,`postal_code`,`version`) VALUES (125,'','','','',NULL,'',NULL,'0');
INSERT INTO `osce`.`bankaccount` (`id`,`bic`,`iban`,`bank_name`,`city`,`country`,`owner_name`,`postal_code`,`version`) VALUES (126,'','CH88 0023 3233 1111 7583 0','UBS Basel','Basel',NULL,'Barbara Spahni',NULL,'0');
INSERT INTO `osce`.`bankaccount` (`id`,`bic`,`iban`,`bank_name`,`city`,`country`,`owner_name`,`postal_code`,`version`) VALUES (127,'','','UBS Basel','Basel',NULL,'Barbara Spahni',NULL,'0');
INSERT INTO `osce`.`bankaccount` (`id`,`bic`,`iban`,`bank_name`,`city`,`country`,`owner_name`,`postal_code`,`version`) VALUES (128,'GENODE61FR1','DE17 6809 0000 0094 8728 04','Volksbank Freiburg','D-79098 Freiburg',NULL,'Thomas Speier',NULL,'0');
INSERT INTO `osce`.`bankaccount` (`id`,`bic`,`iban`,`bank_name`,`city`,`country`,`owner_name`,`postal_code`,`version`) VALUES (129,'','','','',NULL,'',NULL,'0');
INSERT INTO `osce`.`bankaccount` (`id`,`bic`,`iban`,`bank_name`,`city`,`country`,`owner_name`,`postal_code`,`version`) VALUES (130,'','CH79 0077 0016 5458  0857 3','Kantonalbank Basel','Basel',NULL,'Christine Stahl',NULL,'0');
INSERT INTO `osce`.`bankaccount` (`id`,`bic`,`iban`,`bank_name`,`city`,`country`,`owner_name`,`postal_code`,`version`) VALUES (131,'','CH79 0077 0016 5458  0857 3','Kantonalbank Basel','Basel',NULL,'Christine Stahl',NULL,'0');
INSERT INTO `osce`.`bankaccount` (`id`,`bic`,`iban`,`bank_name`,`city`,`country`,`owner_name`,`postal_code`,`version`) VALUES (132,'','DE51 6835 1557 0003 0820 88','Sparkasse Schopfheim','D-79650 Schopfheim',NULL,'Lorenz und Irina Steiger',NULL,'0');
INSERT INTO `osce`.`bankaccount` (`id`,`bic`,`iban`,`bank_name`,`city`,`country`,`owner_name`,`postal_code`,`version`) VALUES (133,'','CH49 0833 4000 0558 3405C','Baloise Bank SoBA','4552 Derendingen',NULL,'Sandro Stocker',NULL,'0');
INSERT INTO `osce`.`bankaccount` (`id`,`bic`,`iban`,`bank_name`,`city`,`country`,`owner_name`,`postal_code`,`version`) VALUES (134,'','','Post','4132 Muttenz',NULL,'Jenny und Philipp Strahm',NULL,'0');
INSERT INTO `osce`.`bankaccount` (`id`,`bic`,`iban`,`bank_name`,`city`,`country`,`owner_name`,`postal_code`,`version`) VALUES (135,'','CH8681 4860 0000 45114.27','Post','Zürich',NULL,'Robert Suter',NULL,'0');
INSERT INTO `osce`.`bankaccount` (`id`,`bic`,`iban`,`bank_name`,`city`,`country`,`owner_name`,`postal_code`,`version`) VALUES (136,'BKBBCHBBXXX','CH85 0077 0016 0455 4435 1','Basler Kantonalbank','4052 Basel',NULL,'Gerber Gabriela Maria',NULL,'0');
INSERT INTO `osce`.`bankaccount` (`id`,`bic`,`iban`,`bank_name`,`city`,`country`,`owner_name`,`postal_code`,`version`) VALUES (137,'','CH02 0900 0000 4021 5376 8','Postfinance','Zofingen',NULL,'Christian Urech',NULL,'0');
INSERT INTO `osce`.`bankaccount` (`id`,`bic`,`iban`,`bank_name`,`city`,`country`,`owner_name`,`postal_code`,`version`) VALUES (138,'','','','',NULL,'',NULL,'0');
INSERT INTO `osce`.`bankaccount` (`id`,`bic`,`iban`,`bank_name`,`city`,`country`,`owner_name`,`postal_code`,`version`) VALUES (139,'','','','',NULL,'',NULL,'0');
INSERT INTO `osce`.`bankaccount` (`id`,`bic`,`iban`,`bank_name`,`city`,`country`,`owner_name`,`postal_code`,`version`) VALUES (140,'BKBBCHBBXXX','CH56 0077 0252 8805 9200 1','Basler Kantonalbank','Basel',NULL,'Lara Voigt',NULL,'0');
INSERT INTO `osce`.`bankaccount` (`id`,`bic`,`iban`,`bank_name`,`city`,`country`,`owner_name`,`postal_code`,`version`) VALUES (141,'','CH78 0077 0016 5494 4541 2','Kantonalbank Basel','Basel',NULL,'Johanna Voigt',NULL,'0');
INSERT INTO `osce`.`bankaccount` (`id`,`bic`,`iban`,`bank_name`,`city`,`country`,`owner_name`,`postal_code`,`version`) VALUES (142,'UBSWCHZH40M','CH19 0029 2292 1058 2955 0','UBS','Basel',NULL,'Andrea von Allmen',NULL,'0');
INSERT INTO `osce`.`bankaccount` (`id`,`bic`,`iban`,`bank_name`,`city`,`country`,`owner_name`,`postal_code`,`version`) VALUES (143,'','CH50 0023 3233 7969 3340 J','UBS Riehen','Riehen',NULL,'Rahel Walser',NULL,'0');
INSERT INTO `osce`.`bankaccount` (`id`,`bic`,`iban`,`bank_name`,`city`,`country`,`owner_name`,`postal_code`,`version`) VALUES (144,'','','','',NULL,'',NULL,'0');
INSERT INTO `osce`.`bankaccount` (`id`,`bic`,`iban`,`bank_name`,`city`,`country`,`owner_name`,`postal_code`,`version`) VALUES (145,'','CH28 0077 0252 8578 7200 1','Basler Kantonalbank','Basel',NULL,'Michael Walz',NULL,'0');
INSERT INTO `osce`.`bankaccount` (`id`,`bic`,`iban`,`bank_name`,`city`,`country`,`owner_name`,`postal_code`,`version`) VALUES (146,'UBSWCHZH40M','CH31 0023 3233 5414 2040 B','UBS','Basel',NULL,'Barbara Wenger',NULL,'0');
INSERT INTO `osce`.`bankaccount` (`id`,`bic`,`iban`,`bank_name`,`city`,`country`,`owner_name`,`postal_code`,`version`) VALUES (147,'CRESCHZZ80A','CH49 0483 5095 8531 7000 1','Credit Suisse','4125 Riehen',NULL,'B. Wild Mey',NULL,'0');
INSERT INTO `osce`.`bankaccount` (`id`,`bic`,`iban`,`bank_name`,`city`,`country`,`owner_name`,`postal_code`,`version`) VALUES (148,'','CH02 0900 0000 4079 2070 9','Postfinance','',NULL,'Paul Wiesler',NULL,'0');

INSERT INTO `osce`.`nationality`  (`id`,`nationality`,`version`) VALUES (1,'A','0');
INSERT INTO `osce`.`nationality`  (`id`,`nationality`,`version`) VALUES (2,'CH','0');
INSERT INTO `osce`.`nationality`  (`id`,`nationality`,`version`) VALUES (3,'CH/FIN','0');
INSERT INTO `osce`.`nationality`  (`id`,`nationality`,`version`) VALUES (4,'CH/I','0');
INSERT INTO `osce`.`nationality`  (`id`,`nationality`,`version`) VALUES (5,'D','0');
INSERT INTO `osce`.`nationality`  (`id`,`nationality`,`version`) VALUES (6,'D/CH','0');
INSERT INTO `osce`.`nationality`  (`id`,`nationality`,`version`) VALUES (7,'I','0');
INSERT INTO `osce`.`nationality`  (`id`,`nationality`,`version`) VALUES (8,'SP','0');

INSERT INTO `anamnesis_form` (id,create_date,version) VALUES (1, '2012-05-11 12:45:00',0);
INSERT INTO `anamnesis_form` (id,create_date,version) VALUES (2, '2012-05-11 12:45:00',0);
INSERT INTO `anamnesis_form` (id,create_date,version) VALUES (3, '2012-05-11 12:45:00',0);
INSERT INTO `anamnesis_form` (id,create_date,version) VALUES (4, '2012-05-11 12:45:00',0);
INSERT INTO `anamnesis_form` (id,create_date,version) VALUES (5, '2012-05-11 12:45:00',0);
INSERT INTO `anamnesis_form` (id,create_date,version) VALUES (6, '2012-05-11 12:45:00',0);
INSERT INTO `anamnesis_form` (id,create_date,version) VALUES (7, '2012-05-11 12:45:00',0);
INSERT INTO `anamnesis_form` (id,create_date,version) VALUES (8, '2012-05-11 12:45:00',0);
INSERT INTO `anamnesis_form` (id,create_date,version) VALUES (9, '2012-05-11 12:45:00',0);
INSERT INTO `anamnesis_form` (id,create_date,version) VALUES (10, '2012-05-11 12:45:00',0);
INSERT INTO `anamnesis_form` (id,create_date,version) VALUES (11, '2012-05-11 12:45:00',0);
INSERT INTO `anamnesis_form` (id,create_date,version) VALUES (12, '2012-05-11 12:45:00',0);
INSERT INTO `anamnesis_form` (id,create_date,version) VALUES (13, '2012-05-11 12:45:00',0);
INSERT INTO `anamnesis_form` (id,create_date,version) VALUES (14, '2012-05-11 12:45:00',0);
INSERT INTO `anamnesis_form` (id,create_date,version) VALUES (15, '2012-05-11 12:45:00',0);
INSERT INTO `anamnesis_form` (id,create_date,version) VALUES (16, '2012-05-11 12:45:00',0);
INSERT INTO `anamnesis_form` (id,create_date,version) VALUES (17, '2012-05-11 12:45:00',0);
INSERT INTO `anamnesis_form` (id,create_date,version) VALUES (18, '2012-05-11 12:45:00',0);
INSERT INTO `anamnesis_form` (id,create_date,version) VALUES (19, '2012-05-11 12:45:00',0);
INSERT INTO `anamnesis_form` (id,create_date,version) VALUES (20, '2012-05-11 12:45:00',0);
INSERT INTO `anamnesis_form` (id,create_date,version) VALUES (21, '2012-05-11 12:45:00',0);
INSERT INTO `anamnesis_form` (id,create_date,version) VALUES (22, '2012-05-11 12:45:00',0);
INSERT INTO `anamnesis_form` (id,create_date,version) VALUES (23, '2012-05-11 12:45:00',0);
INSERT INTO `anamnesis_form` (id,create_date,version) VALUES (24, '2012-05-11 12:45:00',0);
INSERT INTO `anamnesis_form` (id,create_date,version) VALUES (25, '2012-05-11 12:45:00',0);
INSERT INTO `anamnesis_form` (id,create_date,version) VALUES (26, '2012-05-11 12:45:00',0);
INSERT INTO `anamnesis_form` (id,create_date,version) VALUES (27, '2012-05-11 12:45:00',0);
INSERT INTO `anamnesis_form` (id,create_date,version) VALUES (28, '2012-05-11 12:45:00',0);
INSERT INTO `anamnesis_form` (id,create_date,version) VALUES (29, '2012-05-11 12:45:00',0);
INSERT INTO `anamnesis_form` (id,create_date,version) VALUES (30, '2012-05-11 12:45:00',0);
INSERT INTO `anamnesis_form` (id,create_date,version) VALUES (31, '2012-05-11 12:45:00',0);
INSERT INTO `anamnesis_form` (id,create_date,version) VALUES (32, '2012-05-11 12:45:00',0);
INSERT INTO `anamnesis_form` (id,create_date,version) VALUES (33, '2012-05-11 12:45:00',0);
INSERT INTO `anamnesis_form` (id,create_date,version) VALUES (34, '2012-05-11 12:45:00',0);
INSERT INTO `anamnesis_form` (id,create_date,version) VALUES (35, '2012-05-11 12:45:00',0);
INSERT INTO `anamnesis_form` (id,create_date,version) VALUES (36, '2012-05-11 12:45:00',0);
INSERT INTO `anamnesis_form` (id,create_date,version) VALUES (37, '2012-05-11 12:45:00',0);
INSERT INTO `anamnesis_form` (id,create_date,version) VALUES (38, '2012-05-11 12:45:00',0);
INSERT INTO `anamnesis_form` (id,create_date,version) VALUES (39, '2012-05-11 12:45:00',0);
INSERT INTO `anamnesis_form` (id,create_date,version) VALUES (40, '2012-05-11 12:45:00',0);
INSERT INTO `anamnesis_form` (id,create_date,version) VALUES (41, '2012-05-11 12:45:00',0);
INSERT INTO `anamnesis_form` (id,create_date,version) VALUES (42, '2012-05-11 12:45:00',0);
INSERT INTO `anamnesis_form` (id,create_date,version) VALUES (43, '2012-05-11 12:45:00',0);
INSERT INTO `anamnesis_form` (id,create_date,version) VALUES (44, '2012-05-11 12:45:00',0);
INSERT INTO `anamnesis_form` (id,create_date,version) VALUES (45, '2012-05-11 12:45:00',0);
INSERT INTO `anamnesis_form` (id,create_date,version) VALUES (46, '2012-05-11 12:45:00',0);
INSERT INTO `anamnesis_form` (id,create_date,version) VALUES (47, '2012-05-11 12:45:00',0);
INSERT INTO `anamnesis_form` (id,create_date,version) VALUES (48, '2012-05-11 12:45:00',0);
INSERT INTO `anamnesis_form` (id,create_date,version) VALUES (49, '2012-05-11 12:45:00',0);
INSERT INTO `anamnesis_form` (id,create_date,version) VALUES (50, '2012-05-11 12:45:00',0);
INSERT INTO `anamnesis_form` (id,create_date,version) VALUES (51, '2012-05-11 12:45:00',0);
INSERT INTO `anamnesis_form` (id,create_date,version) VALUES (52, '2012-05-11 12:45:00',0);
INSERT INTO `anamnesis_form` (id,create_date,version) VALUES (53, '2012-05-11 12:45:00',0);
INSERT INTO `anamnesis_form` (id,create_date,version) VALUES (54, '2012-05-11 12:45:00',0);
INSERT INTO `anamnesis_form` (id,create_date,version) VALUES (55, '2012-05-11 12:45:00',0);
INSERT INTO `anamnesis_form` (id,create_date,version) VALUES (56, '2012-05-11 12:45:00',0);
INSERT INTO `anamnesis_form` (id,create_date,version) VALUES (57, '2012-05-11 12:45:00',0);
INSERT INTO `anamnesis_form` (id,create_date,version) VALUES (58, '2012-05-11 12:45:00',0);
INSERT INTO `anamnesis_form` (id,create_date,version) VALUES (59, '2012-05-11 12:45:00',0);
INSERT INTO `anamnesis_form` (id,create_date,version) VALUES (60, '2012-05-11 12:45:00',0);
INSERT INTO `anamnesis_form` (id,create_date,version) VALUES (61, '2012-05-11 12:45:00',0);
INSERT INTO `anamnesis_form` (id,create_date,version) VALUES (62, '2012-05-11 12:45:00',0);
INSERT INTO `anamnesis_form` (id,create_date,version) VALUES (63, '2012-05-11 12:45:00',0);
INSERT INTO `anamnesis_form` (id,create_date,version) VALUES (64, '2012-05-11 12:45:00',0);
INSERT INTO `anamnesis_form` (id,create_date,version) VALUES (65, '2012-05-11 12:45:00',0);
INSERT INTO `anamnesis_form` (id,create_date,version) VALUES (66, '2012-05-11 12:45:00',0);
INSERT INTO `anamnesis_form` (id,create_date,version) VALUES (67, '2012-05-11 12:45:00',0);
INSERT INTO `anamnesis_form` (id,create_date,version) VALUES (68, '2012-05-11 12:45:00',0);
INSERT INTO `anamnesis_form` (id,create_date,version) VALUES (69, '2012-05-11 12:45:00',0);
INSERT INTO `anamnesis_form` (id,create_date,version) VALUES (70, '2012-05-11 12:45:00',0);
INSERT INTO `anamnesis_form` (id,create_date,version) VALUES (71, '2012-05-11 12:45:00',0);
INSERT INTO `anamnesis_form` (id,create_date,version) VALUES (72, '2012-05-11 12:45:00',0);
INSERT INTO `anamnesis_form` (id,create_date,version) VALUES (73, '2012-05-11 12:45:00',0);
INSERT INTO `anamnesis_form` (id,create_date,version) VALUES (74, '2012-05-11 12:45:00',0);
INSERT INTO `anamnesis_form` (id,create_date,version) VALUES (75, '2012-05-11 12:45:00',0);
INSERT INTO `anamnesis_form` (id,create_date,version) VALUES (76, '2012-05-11 12:45:00',0);
INSERT INTO `anamnesis_form` (id,create_date,version) VALUES (77, '2012-05-11 12:45:00',0);
INSERT INTO `anamnesis_form` (id,create_date,version) VALUES (78, '2012-05-11 12:45:00',0);
INSERT INTO `anamnesis_form` (id,create_date,version) VALUES (79, '2012-05-11 12:45:00',0);
INSERT INTO `anamnesis_form` (id,create_date,version) VALUES (80, '2012-05-11 12:45:00',0);
INSERT INTO `anamnesis_form` (id,create_date,version) VALUES (81, '2012-05-11 12:45:00',0);
INSERT INTO `anamnesis_form` (id,create_date,version) VALUES (82, '2012-05-11 12:45:00',0);
INSERT INTO `anamnesis_form` (id,create_date,version) VALUES (83, '2012-05-11 12:45:00',0);
INSERT INTO `anamnesis_form` (id,create_date,version) VALUES (84, '2012-05-11 12:45:00',0);
INSERT INTO `anamnesis_form` (id,create_date,version) VALUES (85, '2012-05-11 12:45:00',0);
INSERT INTO `anamnesis_form` (id,create_date,version) VALUES (86, '2012-05-11 12:45:00',0);
INSERT INTO `anamnesis_form` (id,create_date,version) VALUES (87, '2012-05-11 12:45:00',0);
INSERT INTO `anamnesis_form` (id,create_date,version) VALUES (88, '2012-05-11 12:45:00',0);
INSERT INTO `anamnesis_form` (id,create_date,version) VALUES (89, '2012-05-11 12:45:00',0);
INSERT INTO `anamnesis_form` (id,create_date,version) VALUES (90, '2012-05-11 12:45:00',0);
INSERT INTO `anamnesis_form` (id,create_date,version) VALUES (91, '2012-05-11 12:45:00',0);
INSERT INTO `anamnesis_form` (id,create_date,version) VALUES (92, '2012-05-11 12:45:00',0);
INSERT INTO `anamnesis_form` (id,create_date,version) VALUES (93, '2012-05-11 12:45:00',0);
INSERT INTO `anamnesis_form` (id,create_date,version) VALUES (94, '2012-05-11 12:45:00',0);
INSERT INTO `anamnesis_form` (id,create_date,version) VALUES (95, '2012-05-11 12:45:00',0);
INSERT INTO `anamnesis_form` (id,create_date,version) VALUES (96, '2012-05-11 12:45:00',0);
INSERT INTO `anamnesis_form` (id,create_date,version) VALUES (97, '2012-05-11 12:45:00',0);
INSERT INTO `anamnesis_form` (id,create_date,version) VALUES (98, '2012-05-11 12:45:00',0);
INSERT INTO `anamnesis_form` (id,create_date,version) VALUES (99, '2012-05-11 12:45:00',0);
INSERT INTO `anamnesis_form` (id,create_date,version) VALUES (100, '2012-05-11 12:45:00',0);
INSERT INTO `anamnesis_form` (id,create_date,version) VALUES (101, '2012-05-11 12:45:00',0);
INSERT INTO `anamnesis_form` (id,create_date,version) VALUES (102, '2012-05-11 12:45:00',0);
INSERT INTO `anamnesis_form` (id,create_date,version) VALUES (103, '2012-05-11 12:45:00',0);
INSERT INTO `anamnesis_form` (id,create_date,version) VALUES (104, '2012-05-11 12:45:00',0);
INSERT INTO `anamnesis_form` (id,create_date,version) VALUES (105, '2012-05-11 12:45:00',0);
INSERT INTO `anamnesis_form` (id,create_date,version) VALUES (106, '2012-05-11 12:45:00',0);
INSERT INTO `anamnesis_form` (id,create_date,version) VALUES (107, '2012-05-11 12:45:00',0);
INSERT INTO `anamnesis_form` (id,create_date,version) VALUES (108, '2012-05-11 12:45:00',0);
INSERT INTO `anamnesis_form` (id,create_date,version) VALUES (109, '2012-05-11 12:45:00',0);
INSERT INTO `anamnesis_form` (id,create_date,version) VALUES (110, '2012-05-11 12:45:00',0);
INSERT INTO `anamnesis_form` (id,create_date,version) VALUES (111, '2012-05-11 12:45:00',0);
INSERT INTO `anamnesis_form` (id,create_date,version) VALUES (112, '2012-05-11 12:45:00',0);
INSERT INTO `anamnesis_form` (id,create_date,version) VALUES (113, '2012-05-11 12:45:00',0);
INSERT INTO `anamnesis_form` (id,create_date,version) VALUES (114, '2012-05-11 12:45:00',0);
INSERT INTO `anamnesis_form` (id,create_date,version) VALUES (115, '2012-05-11 12:45:00',0);
INSERT INTO `anamnesis_form` (id,create_date,version) VALUES (116, '2012-05-11 12:45:00',0);
INSERT INTO `anamnesis_form` (id,create_date,version) VALUES (117, '2012-05-11 12:45:00',0);
INSERT INTO `anamnesis_form` (id,create_date,version) VALUES (118, '2012-05-11 12:45:00',0);
INSERT INTO `anamnesis_form` (id,create_date,version) VALUES (119, '2012-05-11 12:45:00',0);
INSERT INTO `anamnesis_form` (id,create_date,version) VALUES (120, '2012-05-11 12:45:00',0);
INSERT INTO `anamnesis_form` (id,create_date,version) VALUES (121, '2012-05-11 12:45:00',0);
INSERT INTO `anamnesis_form` (id,create_date,version) VALUES (122, '2012-05-11 12:45:00',0);
INSERT INTO `anamnesis_form` (id,create_date,version) VALUES (123, '2012-05-11 12:45:00',0);
INSERT INTO `anamnesis_form` (id,create_date,version) VALUES (124, '2012-05-11 12:45:00',0);
INSERT INTO `anamnesis_form` (id,create_date,version) VALUES (125, '2012-05-11 12:45:00',0);
INSERT INTO `anamnesis_form` (id,create_date,version) VALUES (126, '2012-05-11 12:45:00',0);
INSERT INTO `anamnesis_form` (id,create_date,version) VALUES (127, '2012-05-11 12:45:00',0);
INSERT INTO `anamnesis_form` (id,create_date,version) VALUES (128, '2012-05-11 12:45:00',0);
INSERT INTO `anamnesis_form` (id,create_date,version) VALUES (129, '2012-05-11 12:45:00',0);
INSERT INTO `anamnesis_form` (id,create_date,version) VALUES (130, '2012-05-11 12:45:00',0);
INSERT INTO `anamnesis_form` (id,create_date,version) VALUES (131, '2012-05-11 12:45:00',0);
INSERT INTO `anamnesis_form` (id,create_date,version) VALUES (132, '2012-05-11 12:45:00',0);
INSERT INTO `anamnesis_form` (id,create_date,version) VALUES (133, '2012-05-11 12:45:00',0);
INSERT INTO `anamnesis_form` (id,create_date,version) VALUES (134, '2012-05-11 12:45:00',0);
INSERT INTO `anamnesis_form` (id,create_date,version) VALUES (135, '2012-05-11 12:45:00',0);
INSERT INTO `anamnesis_form` (id,create_date,version) VALUES (136, '2012-05-11 12:45:00',0);
INSERT INTO `anamnesis_form` (id,create_date,version) VALUES (137, '2012-05-11 12:45:00',0);
INSERT INTO `anamnesis_form` (id,create_date,version) VALUES (138, '2012-05-11 12:45:00',0);
INSERT INTO `anamnesis_form` (id,create_date,version) VALUES (139, '2012-05-11 12:45:00',0);
INSERT INTO `anamnesis_form` (id,create_date,version) VALUES (140, '2012-05-11 12:45:00',0);
INSERT INTO `anamnesis_form` (id,create_date,version) VALUES (141, '2012-05-11 12:45:00',0);
INSERT INTO `anamnesis_form` (id,create_date,version) VALUES (142, '2012-05-11 12:45:00',0);
INSERT INTO `anamnesis_form` (id,create_date,version) VALUES (143, '2012-05-11 12:45:00',0);
INSERT INTO `anamnesis_form` (id,create_date,version) VALUES (144, '2012-05-11 12:45:00',0);
INSERT INTO `anamnesis_form` (id,create_date,version) VALUES (145, '2012-05-11 12:45:00',0);
INSERT INTO `anamnesis_form` (id,create_date,version) VALUES (146, '2012-05-11 12:45:00',0);
INSERT INTO `anamnesis_form` (id,create_date,version) VALUES (147, '2012-05-11 12:45:00',0);
INSERT INTO `anamnesis_form` (id,create_date,version) VALUES (148, '2012-05-11 12:45:00',0);
INSERT INTO `anamnesis_form` (id,create_date,version) VALUES (149, '2012-05-11 12:45:00',0);
INSERT INTO `anamnesis_form` (id,create_date,version) VALUES (150, '2012-05-11 12:45:00',0);

INSERT INTO `osce`.`standardized_patient` (`id`,`birthday`,`city`,`email`,`gender`,`height`,`immage_path`,`marital_status`,`mobile`,`name`,`postal_code`,`pre_name`,`social_insurance_no`,`street`,`telephone`,`telephone2`,`version`,`video_path`,`weight`,`work_permission`,`anamnesis_form`,`bank_account`,`descriptions`,`nationality`,`profession`) VALUES (1,'1953-07-19 00:00:00','Möhlin','silberstreifen@bluewin.ch',0,193,NULL,NULL,'079 821 89 46','Aeschlimann',4313,'Andreas','756.5996.584','Föhrenstr. 16','061 851 51 90',NULL,'0',NULL,92,NULL,1,1,NULL,5,1);
INSERT INTO `osce`.`standardized_patient` (`id`,`birthday`,`city`,`email`,`gender`,`height`,`immage_path`,`marital_status`,`mobile`,`name`,`postal_code`,`pre_name`,`social_insurance_no`,`street`,`telephone`,`telephone2`,`version`,`video_path`,`weight`,`work_permission`,`anamnesis_form`,`bank_account`,`descriptions`,`nationality`,`profession`) VALUES (2,'1985-08-19 00:00:00','Basel','noora.al-rubai@stud.unibas.ch',0,173,NULL,NULL,'078 760 10 02','Al-Rubai',4053,'Noora','756.5183.573','Reinacherstrasse 90','',NULL,'0',NULL,59,NULL,2,2,NULL,5,2);
INSERT INTO `osce`.`standardized_patient` (`id`,`birthday`,`city`,`email`,`gender`,`height`,`immage_path`,`marital_status`,`mobile`,`name`,`postal_code`,`pre_name`,`social_insurance_no`,`street`,`telephone`,`telephone2`,`version`,`video_path`,`weight`,`work_permission`,`anamnesis_form`,`bank_account`,`descriptions`,`nationality`,`profession`) VALUES (3,'1948-05-04 00:00:00','Uerikon','m_altorfer@hispeed.ch',0,180,NULL,NULL,'','Altorfer',8713,'Hansueli','756.3796.652','Eichstrasse 89','044 920 42 69',NULL,'0',NULL,80,NULL,3,3,NULL,5,3);
INSERT INTO `osce`.`standardized_patient` (`id`,`birthday`,`city`,`email`,`gender`,`height`,`immage_path`,`marital_status`,`mobile`,`name`,`postal_code`,`pre_name`,`social_insurance_no`,`street`,`telephone`,`telephone2`,`version`,`video_path`,`weight`,`work_permission`,`anamnesis_form`,`bank_account`,`descriptions`,`nationality`,`profession`) VALUES (4,'1989-11-17 00:00:00','Münchenstein','d.anwander@gmx.ch',0,167,NULL,NULL,'079 7986347','Anwander',4142,'Dominique','756.7355.264','Schmidholzstrasse 63','061 411 37 71',NULL,'0',NULL,54,NULL,4,4,NULL,5,2);
INSERT INTO `osce`.`standardized_patient` (`id`,`birthday`,`city`,`email`,`gender`,`height`,`immage_path`,`marital_status`,`mobile`,`name`,`postal_code`,`pre_name`,`social_insurance_no`,`street`,`telephone`,`telephone2`,`version`,`video_path`,`weight`,`work_permission`,`anamnesis_form`,`bank_account`,`descriptions`,`nationality`,`profession`) VALUES (5,'1990-06-26 00:00:00','Allschwil','nadia.aref@students.fhnw.ch',0,165,NULL,NULL,'079 369 28 22','Aref',4123,'Nadia','','Brennerstrasse 108','061 312 73 73 55',NULL,'0',NULL,50,NULL,5,5,NULL,5,2);
INSERT INTO `osce`.`standardized_patient` (`id`,`birthday`,`city`,`email`,`gender`,`height`,`immage_path`,`marital_status`,`mobile`,`name`,`postal_code`,`pre_name`,`social_insurance_no`,`street`,`telephone`,`telephone2`,`version`,`video_path`,`weight`,`work_permission`,`anamnesis_form`,`bank_account`,`descriptions`,`nationality`,`profession`) VALUES (6,'1956-11-03 00:00:00','Efringen-Kirchen','C.vangompel-awe@web.de',0,168,NULL,NULL,'keins','van Gompel-Awe',0,'Cornelia','','Gässle 23','0049 7628 800943',NULL,'0',NULL,63,NULL,6,6,NULL,6,6);
INSERT INTO `osce`.`standardized_patient` (`id`,`birthday`,`city`,`email`,`gender`,`height`,`immage_path`,`marital_status`,`mobile`,`name`,`postal_code`,`pre_name`,`social_insurance_no`,`street`,`telephone`,`telephone2`,`version`,`video_path`,`weight`,`work_permission`,`anamnesis_form`,`bank_account`,`descriptions`,`nationality`,`profession`) VALUES (7,'1951-05-16 00:00:00','Efringen-Kirchen','bernhard.awe@g1mail.de',0,176,NULL,NULL,'keins','Awe',0,'Bernhard','','Gässle 23','0049 7628 800943',NULL,'0',NULL,70,NULL,7,7,NULL,6,25);
INSERT INTO `osce`.`standardized_patient` (`id`,`birthday`,`city`,`email`,`gender`,`height`,`immage_path`,`marital_status`,`mobile`,`name`,`postal_code`,`pre_name`,`social_insurance_no`,`street`,`telephone`,`telephone2`,`version`,`video_path`,`weight`,`work_permission`,`anamnesis_form`,`bank_account`,`descriptions`,`nationality`,`profession`) VALUES (8,'1900-01-01 00:00:00','F-68128','Village Neuf',0,78,NULL,NULL,'','Baltensperger',0,'Rainer','1962-12-24 00','5','rbaltensperger@burckhardt.com',NULL,'0',NULL,0,NULL,8,8,NULL,6,8);
INSERT INTO `osce`.`standardized_patient` (`id`,`birthday`,`city`,`email`,`gender`,`height`,`immage_path`,`marital_status`,`mobile`,`name`,`postal_code`,`pre_name`,`social_insurance_no`,`street`,`telephone`,`telephone2`,`version`,`video_path`,`weight`,`work_permission`,`anamnesis_form`,`bank_account`,`descriptions`,`nationality`,`profession`) VALUES (9,'1943-08-10 00:00:00','Maulburg','jutta.benndorf@gmx.de',0,168,NULL,NULL,'0049 163 664 8327','Benndorf',0,'Jutta','','Emil-Kuttler-Str. 17','0049 7622 901 46 61',NULL,'0',NULL,84,NULL,9,9,NULL,6,3);
INSERT INTO `osce`.`standardized_patient` (`id`,`birthday`,`city`,`email`,`gender`,`height`,`immage_path`,`marital_status`,`mobile`,`name`,`postal_code`,`pre_name`,`social_insurance_no`,`street`,`telephone`,`telephone2`,`version`,`video_path`,`weight`,`work_permission`,`anamnesis_form`,`bank_account`,`descriptions`,`nationality`,`profession`) VALUES (10,'1969-10-21 00:00:00','Therwil','karin.bieri@uhbs.ch',0,165,NULL,NULL,'079 475 50 68','Bieri',4106,'Karin','','Bahnhofstrasse 21','57021',NULL,'0',NULL,65,NULL,10,10,NULL,5,10);
INSERT INTO `osce`.`standardized_patient` (`id`,`birthday`,`city`,`email`,`gender`,`height`,`immage_path`,`marital_status`,`mobile`,`name`,`postal_code`,`pre_name`,`social_insurance_no`,`street`,`telephone`,`telephone2`,`version`,`video_path`,`weight`,`work_permission`,`anamnesis_form`,`bank_account`,`descriptions`,`nationality`,`profession`) VALUES (11,'1964-11-06 00:00:00','Safnern','akbigler@bluewin.ch',0,187,NULL,NULL,'078 890 08 42','Bigler',2553,'Adrian','756.9642.761','Gasse 20','032 355 33 42',NULL,'0',NULL,98,NULL,11,11,NULL,5,11);
INSERT INTO `osce`.`standardized_patient` (`id`,`birthday`,`city`,`email`,`gender`,`height`,`immage_path`,`marital_status`,`mobile`,`name`,`postal_code`,`pre_name`,`social_insurance_no`,`street`,`telephone`,`telephone2`,`version`,`video_path`,`weight`,`work_permission`,`anamnesis_form`,`bank_account`,`descriptions`,`nationality`,`profession`) VALUES (12,'1968-11-25 00:00:00','Basel','satu@gmx.ch',0,158,NULL,NULL,'079 366 22 13','Blanc',4051,'Satu','','Unterer Heuberg 11','061 261 88 92',NULL,'0',NULL,47,NULL,12,12,NULL,7,12);
INSERT INTO `osce`.`standardized_patient` (`id`,`birthday`,`city`,`email`,`gender`,`height`,`immage_path`,`marital_status`,`mobile`,`name`,`postal_code`,`pre_name`,`social_insurance_no`,`street`,`telephone`,`telephone2`,`version`,`video_path`,`weight`,`work_permission`,`anamnesis_form`,`bank_account`,`descriptions`,`nationality`,`profession`) VALUES (13,'1958-05-05 00:00:00','Basel','c.blank@sunrise.ch',0,156,NULL,NULL,'078 899 99 31','Blank',4054,'Clivia','756.9088.667','Weiherhofstrasse 34a','keins',NULL,'0',NULL,50,NULL,13,13,NULL,5,13);
INSERT INTO `osce`.`standardized_patient` (`id`,`birthday`,`city`,`email`,`gender`,`height`,`immage_path`,`marital_status`,`mobile`,`name`,`postal_code`,`pre_name`,`social_insurance_no`,`street`,`telephone`,`telephone2`,`version`,`video_path`,`weight`,`work_permission`,`anamnesis_form`,`bank_account`,`descriptions`,`nationality`,`profession`) VALUES (14,'1972-04-01 00:00:00','Oberwil','k.blassmann@unibas.ch',0,169,NULL,NULL,'077 434 46 88','Blassmann',4104,'Katrin','','Therwilerstrasse 39','032 5113981',NULL,'0',NULL,65,NULL,14,14,NULL,5,14);
INSERT INTO `osce`.`standardized_patient` (`id`,`birthday`,`city`,`email`,`gender`,`height`,`immage_path`,`marital_status`,`mobile`,`name`,`postal_code`,`pre_name`,`social_insurance_no`,`street`,`telephone`,`telephone2`,`version`,`video_path`,`weight`,`work_permission`,`anamnesis_form`,`bank_account`,`descriptions`,`nationality`,`profession`) VALUES (15,'1990-08-12 00:00:00','Schopfheim','mira.boehme@web.de',0,170,NULL,NULL,'0049 174 1994827','Boehme',0,'Mira','','Hans-Vetter-Str. 15','07622 6847646',NULL,'0',NULL,71,NULL,15,15,NULL,6,15);
INSERT INTO `osce`.`standardized_patient` (`id`,`birthday`,`city`,`email`,`gender`,`height`,`immage_path`,`marital_status`,`mobile`,`name`,`postal_code`,`pre_name`,`social_insurance_no`,`street`,`telephone`,`telephone2`,`version`,`video_path`,`weight`,`work_permission`,`anamnesis_form`,`bank_account`,`descriptions`,`nationality`,`profession`) VALUES (16,'1991-07-27 00:00:00','Reinach','christine@bratschis.ch',0,163,NULL,NULL,'078 757 30 95','Bratschi',4153,'Christine','','Bärenweg 49','061 711 97 49',NULL,'0',NULL,62,NULL,16,16,NULL,5,15);
INSERT INTO `osce`.`standardized_patient` (`id`,`birthday`,`city`,`email`,`gender`,`height`,`immage_path`,`marital_status`,`mobile`,`name`,`postal_code`,`pre_name`,`social_insurance_no`,`street`,`telephone`,`telephone2`,`version`,`video_path`,`weight`,`work_permission`,`anamnesis_form`,`bank_account`,`descriptions`,`nationality`,`profession`) VALUES (17,'1970-09-17 00:00:00','Reigoldswil','catwiesel@vtxmail.ch',0,176,NULL,NULL,'076 326 17 09','Brechbühl',4418,'Reto','','Aemlisweg 16','061 941 13 25',NULL,'0',NULL,82,NULL,17,17,NULL,5,17);
INSERT INTO `osce`.`standardized_patient` (`id`,`birthday`,`city`,`email`,`gender`,`height`,`immage_path`,`marital_status`,`mobile`,`name`,`postal_code`,`pre_name`,`social_insurance_no`,`street`,`telephone`,`telephone2`,`version`,`video_path`,`weight`,`work_permission`,`anamnesis_form`,`bank_account`,`descriptions`,`nationality`,`profession`) VALUES (18,'1961-11-22 00:00:00','Schopfheim','d.broeker@g1mail.de',0,169,NULL,NULL,'0049 176 675 75 339','Bröker',0,'Dorothee','','Bürgermeister-Krafft-Weg 4','0049 7622 667 362',NULL,'0',NULL,56,NULL,18,18,NULL,6,18);
INSERT INTO `osce`.`standardized_patient` (`id`,`birthday`,`city`,`email`,`gender`,`height`,`immage_path`,`marital_status`,`mobile`,`name`,`postal_code`,`pre_name`,`social_insurance_no`,`street`,`telephone`,`telephone2`,`version`,`video_path`,`weight`,`work_permission`,`anamnesis_form`,`bank_account`,`descriptions`,`nationality`,`profession`) VALUES (19,'1971-01-24 00:00:00','Allschwil','silvia.angerer@sunrise.ch',0,164,NULL,NULL,'076 3424982','Brunner',4123,'Silvia','','Ochsengasse 18','061 265 4661',NULL,'0',NULL,57,NULL,19,19,NULL,5,19);
INSERT INTO `osce`.`standardized_patient` (`id`,`birthday`,`city`,`email`,`gender`,`height`,`immage_path`,`marital_status`,`mobile`,`name`,`postal_code`,`pre_name`,`social_insurance_no`,`street`,`telephone`,`telephone2`,`version`,`video_path`,`weight`,`work_permission`,`anamnesis_form`,`bank_account`,`descriptions`,`nationality`,`profession`) VALUES (20,'1985-07-07 00:00:00','Basel','tobi.brunner@stud.unibas.ch',0,180,NULL,NULL,'797199392','Brunner',4053,'Tobias','','Hochstrasse 76','keins',NULL,'0',NULL,73,NULL,20,20,NULL,5,20);
INSERT INTO `osce`.`standardized_patient` (`id`,`birthday`,`city`,`email`,`gender`,`height`,`immage_path`,`marital_status`,`mobile`,`name`,`postal_code`,`pre_name`,`social_insurance_no`,`street`,`telephone`,`telephone2`,`version`,`video_path`,`weight`,`work_permission`,`anamnesis_form`,`bank_account`,`descriptions`,`nationality`,`profession`) VALUES (21,'1991-06-11 00:00:00','Hausen','super-Fabi91@web.de',0,174,NULL,NULL,'1746665588','Böhler',0,'Fabian','','Giersmattstr. 6','07622 61308',NULL,'0',NULL,64,NULL,21,21,NULL,6,15);
INSERT INTO `osce`.`standardized_patient` (`id`,`birthday`,`city`,`email`,`gender`,`height`,`immage_path`,`marital_status`,`mobile`,`name`,`postal_code`,`pre_name`,`social_insurance_no`,`street`,`telephone`,`telephone2`,`version`,`video_path`,`weight`,`work_permission`,`anamnesis_form`,`bank_account`,`descriptions`,`nationality`,`profession`) VALUES (22,'1991-03-24 00:00:00','Schwörstadt','carinaburkart@web.de',0,0,NULL,NULL,'','Burkhard',0,'Carina','','Niederdossenbach 2 a','0049 7768 8575',NULL,'0',NULL,0,NULL,22,22,NULL,6,22);
INSERT INTO `osce`.`standardized_patient` (`id`,`birthday`,`city`,`email`,`gender`,`height`,`immage_path`,`marital_status`,`mobile`,`name`,`postal_code`,`pre_name`,`social_insurance_no`,`street`,`telephone`,`telephone2`,`version`,`video_path`,`weight`,`work_permission`,`anamnesis_form`,`bank_account`,`descriptions`,`nationality`,`profession`) VALUES (23,'1946-02-28 00:00:00','Basel','ccrr379@bluewin.ch',0,172,NULL,NULL,'keins','Böhler',4054,'René','','Im Langen Loh 196','061 302 09 73',NULL,'0',NULL,95,NULL,23,23,NULL,5,20);
INSERT INTO `osce`.`standardized_patient` (`id`,`birthday`,`city`,`email`,`gender`,`height`,`immage_path`,`marital_status`,`mobile`,`name`,`postal_code`,`pre_name`,`social_insurance_no`,`street`,`telephone`,`telephone2`,`version`,`video_path`,`weight`,`work_permission`,`anamnesis_form`,`bank_account`,`descriptions`,`nationality`,`profession`) VALUES (24,'1958-03-30 00:00:00','Steinen','guido.chudoba@gmail.com',0,173,NULL,NULL,'793315765','Chudoba',0,'Guido','756.2363.501','Scheideckstrasse 15','448664123',NULL,'0',NULL,76,NULL,24,24,NULL,6,24);
INSERT INTO `osce`.`standardized_patient` (`id`,`birthday`,`city`,`email`,`gender`,`height`,`immage_path`,`marital_status`,`mobile`,`name`,`postal_code`,`pre_name`,`social_insurance_no`,`street`,`telephone`,`telephone2`,`version`,`video_path`,`weight`,`work_permission`,`anamnesis_form`,`bank_account`,`descriptions`,`nationality`,`profession`) VALUES (25,'1985-06-26 00:00:00','Basel','b.dackweiler@gmail.com',0,180,NULL,NULL,'078 956 54 24','Dackweiler',4056,'Benedict','756.1068.147','Mittlere Strasse 44','keins',NULL,'0',NULL,74,NULL,25,25,NULL,6,25);
INSERT INTO `osce`.`standardized_patient` (`id`,`birthday`,`city`,`email`,`gender`,`height`,`immage_path`,`marital_status`,`mobile`,`name`,`postal_code`,`pre_name`,`social_insurance_no`,`street`,`telephone`,`telephone2`,`version`,`video_path`,`weight`,`work_permission`,`anamnesis_form`,`bank_account`,`descriptions`,`nationality`,`profession`) VALUES (26,'1966-01-06 00:00:00','Kaiseraugst','mari66marco@msn.com',0,162,NULL,NULL,'076 381 68 94','De Marco',4303,'Marinela','','Auf der Wacht','061 265 74 67',NULL,'0',NULL,81,NULL,26,26,NULL,6,20);
INSERT INTO `osce`.`standardized_patient` (`id`,`birthday`,`city`,`email`,`gender`,`height`,`immage_path`,`marital_status`,`mobile`,`name`,`postal_code`,`pre_name`,`social_insurance_no`,`street`,`telephone`,`telephone2`,`version`,`video_path`,`weight`,`work_permission`,`anamnesis_form`,`bank_account`,`descriptions`,`nationality`,`profession`) VALUES (27,'1991-02-07 00:00:00','Hausen','franz@dinkelackers.de',0,191,NULL,NULL,'0049 163 5109268','Dinkelacker',0,'Franz','','Auf der Rütte 10','0049 7622 672691',NULL,'0',NULL,83,NULL,27,27,NULL,6,2);
INSERT INTO `osce`.`standardized_patient` (`id`,`birthday`,`city`,`email`,`gender`,`height`,`immage_path`,`marital_status`,`mobile`,`name`,`postal_code`,`pre_name`,`social_insurance_no`,`street`,`telephone`,`telephone2`,`version`,`video_path`,`weight`,`work_permission`,`anamnesis_form`,`bank_account`,`descriptions`,`nationality`,`profession`) VALUES (28,'1970-07-06 00:00:00','Lörrach','d.dreher@gmx.net',0,170,NULL,NULL,'0049 17623768829','Dreher',0,'Dirk','','Zeppelinstrasse 21','0049 7621425824',NULL,'0',NULL,71,NULL,28,28,NULL,6,25);
INSERT INTO `osce`.`standardized_patient` (`id`,`birthday`,`city`,`email`,`gender`,`height`,`immage_path`,`marital_status`,`mobile`,`name`,`postal_code`,`pre_name`,`social_insurance_no`,`street`,`telephone`,`telephone2`,`version`,`video_path`,`weight`,`work_permission`,`anamnesis_form`,`bank_account`,`descriptions`,`nationality`,`profession`) VALUES (29,'1949-02-04 00:00:00','Lörrach','ursula.dreher@gmx.de',0,158,NULL,NULL,'0049 16098149736','Dreher',0,'Ursula','','Fridolinsgasse 5','0049 76211630596',NULL,'0',NULL,53,NULL,29,29,NULL,6,29);
INSERT INTO `osce`.`standardized_patient` (`id`,`birthday`,`city`,`email`,`gender`,`height`,`immage_path`,`marital_status`,`mobile`,`name`,`postal_code`,`pre_name`,`social_insurance_no`,`street`,`telephone`,`telephone2`,`version`,`video_path`,`weight`,`work_permission`,`anamnesis_form`,`bank_account`,`descriptions`,`nationality`,`profession`) VALUES (30,'1963-04-27 00:00:00','Neuchâtel','beatuba@bluewin.ch',0,178,NULL,NULL,'793776312','Eichenberger',2000,'Beat','','rue des Noyers 1','032 7534769',NULL,'0',NULL,81,NULL,30,30,NULL,5,30);
INSERT INTO `osce`.`standardized_patient` (`id`,`birthday`,`city`,`email`,`gender`,`height`,`immage_path`,`marital_status`,`mobile`,`name`,`postal_code`,`pre_name`,`social_insurance_no`,`street`,`telephone`,`telephone2`,`version`,`video_path`,`weight`,`work_permission`,`anamnesis_form`,`bank_account`,`descriptions`,`nationality`,`profession`) VALUES (31,'1968-06-06 00:00:00','Neuchâtel','beatuba@bluewin.ch',0,160,NULL,NULL,'079 465 6006','Eichenberger',2000,'Tuba','','rue des Noyers 1','032 7534769',NULL,'0',NULL,74,NULL,31,31,NULL,6,31);
INSERT INTO `osce`.`standardized_patient` (`id`,`birthday`,`city`,`email`,`gender`,`height`,`immage_path`,`marital_status`,`mobile`,`name`,`postal_code`,`pre_name`,`social_insurance_no`,`street`,`telephone`,`telephone2`,`version`,`video_path`,`weight`,`work_permission`,`anamnesis_form`,`bank_account`,`descriptions`,`nationality`,`profession`) VALUES (32,'1958-12-26 00:00:00','Reinach','erbsingh@bluewin.ch',0,161,NULL,NULL,'079 2707535','Erb-Singh',4153,'Yvonne','320.58.888.2','Therwilerstrasse 31','061 7132280',NULL,'0',NULL,62,NULL,32,32,NULL,5,32);
INSERT INTO `osce`.`standardized_patient` (`id`,`birthday`,`city`,`email`,`gender`,`height`,`immage_path`,`marital_status`,`mobile`,`name`,`postal_code`,`pre_name`,`social_insurance_no`,`street`,`telephone`,`telephone2`,`version`,`video_path`,`weight`,`work_permission`,`anamnesis_form`,`bank_account`,`descriptions`,`nationality`,`profession`) VALUES (33,'1991-09-12 00:00:00','Steinen','timo-ernst7@web.de',0,189,NULL,NULL,'0049 172 151 56 88','Ernst',0,'Timo','','Häsingerstrasse 12','0049 7627 7476',NULL,'0',NULL,71,NULL,33,33,NULL,6,15);
INSERT INTO `osce`.`standardized_patient` (`id`,`birthday`,`city`,`email`,`gender`,`height`,`immage_path`,`marital_status`,`mobile`,`name`,`postal_code`,`pre_name`,`social_insurance_no`,`street`,`telephone`,`telephone2`,`version`,`video_path`,`weight`,`work_permission`,`anamnesis_form`,`bank_account`,`descriptions`,`nationality`,`profession`) VALUES (34,'1969-10-01 00:00:00','Frenkendorf','astrid.faessler-roesler@bluewin.ch',0,170,NULL,NULL,'767215517','Fässler',4402,'Astrid','756.5509.019','Quellenweg 7','061 922 09 51',NULL,'0',NULL,62,NULL,34,34,NULL,5,34);
INSERT INTO `osce`.`standardized_patient` (`id`,`birthday`,`city`,`email`,`gender`,`height`,`immage_path`,`marital_status`,`mobile`,`name`,`postal_code`,`pre_name`,`social_insurance_no`,`street`,`telephone`,`telephone2`,`version`,`video_path`,`weight`,`work_permission`,`anamnesis_form`,`bank_account`,`descriptions`,`nationality`,`profession`) VALUES (35,'1986-09-28 00:00:00','Rodersdorf','nonofernex@gmx.ch',0,179,NULL,NULL,'','Fernex',4118,'Arnaud','','Pf 162','00 333 89 40 63 10',NULL,'0',NULL,65,NULL,35,35,NULL,5,2);
INSERT INTO `osce`.`standardized_patient` (`id`,`birthday`,`city`,`email`,`gender`,`height`,`immage_path`,`marital_status`,`mobile`,`name`,`postal_code`,`pre_name`,`social_insurance_no`,`street`,`telephone`,`telephone2`,`version`,`video_path`,`weight`,`work_permission`,`anamnesis_form`,`bank_account`,`descriptions`,`nationality`,`profession`) VALUES (36,'1950-07-19 00:00:00','Basel','fritzfischer1950@hotmail.com',0,180,NULL,NULL,'767219046','Fischer',4055,'Fritz','','Bollweilerstrasse 11','613212781',NULL,'0',NULL,101,NULL,36,36,NULL,5,36);
INSERT INTO `osce`.`standardized_patient` (`id`,`birthday`,`city`,`email`,`gender`,`height`,`immage_path`,`marital_status`,`mobile`,`name`,`postal_code`,`pre_name`,`social_insurance_no`,`street`,`telephone`,`telephone2`,`version`,`video_path`,`weight`,`work_permission`,`anamnesis_form`,`bank_account`,`descriptions`,`nationality`,`profession`) VALUES (37,'1965-04-03 00:00:00','Weil am Rhein','achim99@freenet.de',0,186,NULL,NULL,'keins','Fritsch',0,'Achim','','Dorfstrasse 54','0049 76211634369',NULL,'0',NULL,82,NULL,37,37,NULL,6,37);
INSERT INTO `osce`.`standardized_patient` (`id`,`birthday`,`city`,`email`,`gender`,`height`,`immage_path`,`marital_status`,`mobile`,`name`,`postal_code`,`pre_name`,`social_insurance_no`,`street`,`telephone`,`telephone2`,`version`,`video_path`,`weight`,`work_permission`,`anamnesis_form`,`bank_account`,`descriptions`,`nationality`,`profession`) VALUES (38,'1984-03-14 00:00:00','Basel','ursina_na@hotmail.com',0,165,NULL,NULL,'079 339 30 43','Früh',4057,'Ursina Natalia','756.7167.316','Hammerstrasse 156','061 601 35 58',NULL,'0',NULL,58,NULL,38,38,NULL,5,31);
INSERT INTO `osce`.`standardized_patient` (`id`,`birthday`,`city`,`email`,`gender`,`height`,`immage_path`,`marital_status`,`mobile`,`name`,`postal_code`,`pre_name`,`social_insurance_no`,`street`,`telephone`,`telephone2`,`version`,`video_path`,`weight`,`work_permission`,`anamnesis_form`,`bank_account`,`descriptions`,`nationality`,`profession`) VALUES (39,'1957-07-04 00:00:00','Zell im Wiesental','atelier.sigrid@gmail.com',0,168,NULL,NULL,'49 163 8353692','Fulde',0,'Sigrid','','Karl-Lenz-Weg 1','49 7625911801',NULL,'0',NULL,60,NULL,39,39,NULL,6,39);
INSERT INTO `osce`.`standardized_patient` (`id`,`birthday`,`city`,`email`,`gender`,`height`,`immage_path`,`marital_status`,`mobile`,`name`,`postal_code`,`pre_name`,`social_insurance_no`,`street`,`telephone`,`telephone2`,`version`,`video_path`,`weight`,`work_permission`,`anamnesis_form`,`bank_account`,`descriptions`,`nationality`,`profession`) VALUES (40,'1960-12-04 00:00:00','Bad Krozingen','Elisabethganz@web.de',0,163,NULL,NULL,'0049 172 944 51 33','Ganz',0,'Elisabeth','','In der Breige 9','0049 7633 939 84 82',NULL,'0',NULL,100,NULL,40,40,NULL,6,40);
INSERT INTO `osce`.`standardized_patient` (`id`,`birthday`,`city`,`email`,`gender`,`height`,`immage_path`,`marital_status`,`mobile`,`name`,`postal_code`,`pre_name`,`social_insurance_no`,`street`,`telephone`,`telephone2`,`version`,`video_path`,`weight`,`work_permission`,`anamnesis_form`,`bank_account`,`descriptions`,`nationality`,`profession`) VALUES (41,'1986-09-22 00:00:00','Oltingen','jolanda.gass@gmail.com',0,160,NULL,NULL,'079 5890918','Gass',4494,'Jolanda','','Rütiweg 1','keins',NULL,'0',NULL,50,NULL,41,41,NULL,5,41);
INSERT INTO `osce`.`standardized_patient` (`id`,`birthday`,`city`,`email`,`gender`,`height`,`immage_path`,`marital_status`,`mobile`,`name`,`postal_code`,`pre_name`,`social_insurance_no`,`street`,`telephone`,`telephone2`,`version`,`video_path`,`weight`,`work_permission`,`anamnesis_form`,`bank_account`,`descriptions`,`nationality`,`profession`) VALUES (42,'1987-09-09 00:00:00','Lörrach','gempi-david@web.de',0,180,NULL,NULL,'1744748724','Gembler',0,'David','','Baslerstrasse 88','07621 1609394',NULL,'0',NULL,68,NULL,42,42,NULL,6,2);
INSERT INTO `osce`.`standardized_patient` (`id`,`birthday`,`city`,`email`,`gender`,`height`,`immage_path`,`marital_status`,`mobile`,`name`,`postal_code`,`pre_name`,`social_insurance_no`,`street`,`telephone`,`telephone2`,`version`,`video_path`,`weight`,`work_permission`,`anamnesis_form`,`bank_account`,`descriptions`,`nationality`,`profession`) VALUES (43,'1989-05-29 00:00:00','Schopfheim','irinagembler@web.de',0,168,NULL,NULL,'1744749117','Gembler',0,'Irina','','Goethestrasse 21','07622 9933',NULL,'0',NULL,57,NULL,43,43,NULL,6,15);
INSERT INTO `osce`.`standardized_patient` (`id`,`birthday`,`city`,`email`,`gender`,`height`,`immage_path`,`marital_status`,`mobile`,`name`,`postal_code`,`pre_name`,`social_insurance_no`,`street`,`telephone`,`telephone2`,`version`,`video_path`,`weight`,`work_permission`,`anamnesis_form`,`bank_account`,`descriptions`,`nationality`,`profession`) VALUES (44,'1990-08-27 00:00:00','Schwörstadt','pierre-gentner@web.de',0,178,NULL,NULL,'','Gentner',0,'Pierre','','Moosstrasse 3','0049 7762 8808',NULL,'0',NULL,83,NULL,44,44,NULL,6,15);
INSERT INTO `osce`.`standardized_patient` (`id`,`birthday`,`city`,`email`,`gender`,`height`,`immage_path`,`marital_status`,`mobile`,`name`,`postal_code`,`pre_name`,`social_insurance_no`,`street`,`telephone`,`telephone2`,`version`,`video_path`,`weight`,`work_permission`,`anamnesis_form`,`bank_account`,`descriptions`,`nationality`,`profession`) VALUES (45,'1955-06-10 00:00:00','Beatenberg','stoerkochen-indianisch@gmx.ch',0,170,NULL,NULL,'789409125','Gieschen',3803,'Michaela','394.55.672.1','Studen 233','033 8411185',NULL,'0',NULL,60,NULL,45,45,NULL,6,45);
INSERT INTO `osce`.`standardized_patient` (`id`,`birthday`,`city`,`email`,`gender`,`height`,`immage_path`,`marital_status`,`mobile`,`name`,`postal_code`,`pre_name`,`social_insurance_no`,`street`,`telephone`,`telephone2`,`version`,`video_path`,`weight`,`work_permission`,`anamnesis_form`,`bank_account`,`descriptions`,`nationality`,`profession`) VALUES (46,'1990-07-16 00:00:00','Wies','floriangiesin@web.de',0,184,NULL,NULL,'1626467108','Giesin',0,'Florian','','Geissbergweg 1','07629 1474',NULL,'0',NULL,79,NULL,46,46,NULL,6,22);
INSERT INTO `osce`.`standardized_patient` (`id`,`birthday`,`city`,`email`,`gender`,`height`,`immage_path`,`marital_status`,`mobile`,`name`,`postal_code`,`pre_name`,`social_insurance_no`,`street`,`telephone`,`telephone2`,`version`,`video_path`,`weight`,`work_permission`,`anamnesis_form`,`bank_account`,`descriptions`,`nationality`,`profession`) VALUES (47,'1958-05-22 00:00:00','Basel','veronikagiglio@gmx.ch',0,169,NULL,NULL,'077 410 74 07','Giglio',4052,'Veronika','756.0743.655','Prattelerstr.6','061 312 78 31',NULL,'0',NULL,79,NULL,47,47,NULL,5,25);
INSERT INTO `osce`.`standardized_patient` (`id`,`birthday`,`city`,`email`,`gender`,`height`,`immage_path`,`marital_status`,`mobile`,`name`,`postal_code`,`pre_name`,`social_insurance_no`,`street`,`telephone`,`telephone2`,`version`,`video_path`,`weight`,`work_permission`,`anamnesis_form`,`bank_account`,`descriptions`,`nationality`,`profession`) VALUES (48,'1956-08-03 00:00:00','Basel','fraenzi.Gisin@gmx.ch',0,0,NULL,NULL,'','Gisin',4051,'Franzisca','','Lothringerstr.7','076549 6885',NULL,'0',NULL,0,NULL,48,48,NULL,5,48);
INSERT INTO `osce`.`standardized_patient` (`id`,`birthday`,`city`,`email`,`gender`,`height`,`immage_path`,`marital_status`,`mobile`,`name`,`postal_code`,`pre_name`,`social_insurance_no`,`street`,`telephone`,`telephone2`,`version`,`video_path`,`weight`,`work_permission`,`anamnesis_form`,`bank_account`,`descriptions`,`nationality`,`profession`) VALUES (49,'1963-08-25 00:00:00','Basel','rmn_gonzalez@bluewin.ch',0,176,NULL,NULL,'keins','Gonzalez',4059,'Ramon','756.6111.150','Anwilerstr. 12','061 331 11 20',NULL,'0',NULL,103,NULL,49,49,NULL,7,49);
INSERT INTO `osce`.`standardized_patient` (`id`,`birthday`,`city`,`email`,`gender`,`height`,`immage_path`,`marital_status`,`mobile`,`name`,`postal_code`,`pre_name`,`social_insurance_no`,`street`,`telephone`,`telephone2`,`version`,`video_path`,`weight`,`work_permission`,`anamnesis_form`,`bank_account`,`descriptions`,`nationality`,`profession`) VALUES (50,'1900-01-01 00:00:00','Basel','laura.greutter@sunrise.ch',0,0,NULL,NULL,'','Grütter',4057,'Laura','','Markgräflerstrasse 1','',NULL,'0',NULL,0,NULL,50,50,NULL,5,50);
INSERT INTO `osce`.`standardized_patient` (`id`,`birthday`,`city`,`email`,`gender`,`height`,`immage_path`,`marital_status`,`mobile`,`name`,`postal_code`,`pre_name`,`social_insurance_no`,`street`,`telephone`,`telephone2`,`version`,`video_path`,`weight`,`work_permission`,`anamnesis_form`,`bank_account`,`descriptions`,`nationality`,`profession`) VALUES (51,'1943-11-11 00:00:00','Basel','laguba@laguba.ch',0,182,NULL,NULL,'079 2157750','Gugger',4053,'Heinz','756.9313.759','Thiersteinerallee 87','061 331 20 50',NULL,'0',NULL,96,NULL,51,51,NULL,5,3);
INSERT INTO `osce`.`standardized_patient` (`id`,`birthday`,`city`,`email`,`gender`,`height`,`immage_path`,`marital_status`,`mobile`,`name`,`postal_code`,`pre_name`,`social_insurance_no`,`street`,`telephone`,`telephone2`,`version`,`video_path`,`weight`,`work_permission`,`anamnesis_form`,`bank_account`,`descriptions`,`nationality`,`profession`) VALUES (52,'1947-07-16 00:00:00','Basel','moni@laguba.ch',0,168,NULL,NULL,'079 4352486','Gugger',4053,'Moni','756.4627.853','Thiersteinerallee 87','061 331 30 24',NULL,'0',NULL,65,NULL,52,52,NULL,5,25);
INSERT INTO `osce`.`standardized_patient` (`id`,`birthday`,`city`,`email`,`gender`,`height`,`immage_path`,`marital_status`,`mobile`,`name`,`postal_code`,`pre_name`,`social_insurance_no`,`street`,`telephone`,`telephone2`,`version`,`video_path`,`weight`,`work_permission`,`anamnesis_form`,`bank_account`,`descriptions`,`nationality`,`profession`) VALUES (53,'1988-07-25 00:00:00','Steinen','isicarogue@yahoo.de',0,0,NULL,NULL,'','Günther',0,'Isabelle','','Bannweg 14','0049 7627 8567',NULL,'0',NULL,0,NULL,53,53,NULL,6,15);
INSERT INTO `osce`.`standardized_patient` (`id`,`birthday`,`city`,`email`,`gender`,`height`,`immage_path`,`marital_status`,`mobile`,`name`,`postal_code`,`pre_name`,`social_insurance_no`,`street`,`telephone`,`telephone2`,`version`,`video_path`,`weight`,`work_permission`,`anamnesis_form`,`bank_account`,`descriptions`,`nationality`,`profession`) VALUES (54,'1988-02-14 00:00:00','Steinen','lisaguenther@yahoo.de',0,163,NULL,NULL,'','Günther',0,'Lisa','','Bannweg 14','03641-7746196',NULL,'0',NULL,0,NULL,54,54,NULL,6,22);
INSERT INTO `osce`.`standardized_patient` (`id`,`birthday`,`city`,`email`,`gender`,`height`,`immage_path`,`marital_status`,`mobile`,`name`,`postal_code`,`pre_name`,`social_insurance_no`,`street`,`telephone`,`telephone2`,`version`,`video_path`,`weight`,`work_permission`,`anamnesis_form`,`bank_account`,`descriptions`,`nationality`,`profession`) VALUES (55,'1991-02-17 00:00:00','Basel','fatlumehalili@hotmail.com',0,155,NULL,NULL,'076 588 36 58','Halili',4052,'Fatlume','','Lehenmattstrasse 344','613139639',NULL,'0',NULL,65,NULL,55,55,NULL,5,2);
INSERT INTO `osce`.`standardized_patient` (`id`,`birthday`,`city`,`email`,`gender`,`height`,`immage_path`,`marital_status`,`mobile`,`name`,`postal_code`,`pre_name`,`social_insurance_no`,`street`,`telephone`,`telephone2`,`version`,`video_path`,`weight`,`work_permission`,`anamnesis_form`,`bank_account`,`descriptions`,`nationality`,`profession`) VALUES (56,'1969-03-08 00:00:00','Magden','ehamm@datacomm.ch',0,176,NULL,NULL,'798300487','Hamm Geiser',4312,'Elke','756.7840.188','Brunnenweg 3 a','061 841 19 61',NULL,'0',NULL,77,NULL,56,56,NULL,5,20);
INSERT INTO `osce`.`standardized_patient` (`id`,`birthday`,`city`,`email`,`gender`,`height`,`immage_path`,`marital_status`,`mobile`,`name`,`postal_code`,`pre_name`,`social_insurance_no`,`street`,`telephone`,`telephone2`,`version`,`video_path`,`weight`,`work_permission`,`anamnesis_form`,`bank_account`,`descriptions`,`nationality`,`profession`) VALUES (57,'1944-01-08 00:00:00','Magden','felix.heiniger@bluewin.ch',0,178,NULL,NULL,'796999451','Heiniger',4312,'Felix','756.2259.291','Bachweg 15','061 841 00 00',NULL,'0',NULL,82,NULL,57,57,NULL,5,57);
INSERT INTO `osce`.`standardized_patient` (`id`,`birthday`,`city`,`email`,`gender`,`height`,`immage_path`,`marital_status`,`mobile`,`name`,`postal_code`,`pre_name`,`social_insurance_no`,`street`,`telephone`,`telephone2`,`version`,`video_path`,`weight`,`work_permission`,`anamnesis_form`,`bank_account`,`descriptions`,`nationality`,`profession`) VALUES (58,'1982-09-24 00:00:00','Basel','stephanie.hensel@gmx.ch',0,177,NULL,NULL,'076 4479003','Hensel',4051,'Stéphanie','','Austrasse 73','',NULL,'0',NULL,60,NULL,58,58,NULL,5,58);
INSERT INTO `osce`.`standardized_patient` (`id`,`birthday`,`city`,`email`,`gender`,`height`,`immage_path`,`marital_status`,`mobile`,`name`,`postal_code`,`pre_name`,`social_insurance_no`,`street`,`telephone`,`telephone2`,`version`,`video_path`,`weight`,`work_permission`,`anamnesis_form`,`bank_account`,`descriptions`,`nationality`,`profession`) VALUES (59,'1962-08-04 00:00:00','Schopfheim','j.otter@freenet.de',0,182,NULL,NULL,'0049 162 7014104','Hess',0,'Jürgen','468.62.335.1','Dinkelbergstr. 40','0049  76 22 6976075',NULL,'0',NULL,78,NULL,59,59,NULL,6,59);
INSERT INTO `osce`.`standardized_patient` (`id`,`birthday`,`city`,`email`,`gender`,`height`,`immage_path`,`marital_status`,`mobile`,`name`,`postal_code`,`pre_name`,`social_insurance_no`,`street`,`telephone`,`telephone2`,`version`,`video_path`,`weight`,`work_permission`,`anamnesis_form`,`bank_account`,`descriptions`,`nationality`,`profession`) VALUES (60,'1943-07-27 00:00:00','Lörrach','heide.hirsch@gmx.de',0,165,NULL,NULL,'0049 1716346315','Hirsch',0,'Heide','','Spitalstrasse 45','49 7621424353',NULL,'0',NULL,55,NULL,60,60,NULL,6,60);
INSERT INTO `osce`.`standardized_patient` (`id`,`birthday`,`city`,`email`,`gender`,`height`,`immage_path`,`marital_status`,`mobile`,`name`,`postal_code`,`pre_name`,`social_insurance_no`,`street`,`telephone`,`telephone2`,`version`,`video_path`,`weight`,`work_permission`,`anamnesis_form`,`bank_account`,`descriptions`,`nationality`,`profession`) VALUES (61,'1900-01-01 00:00:00','Egg','Zürich',0,60,NULL,NULL,'044 984 25 88','Hirsekorn',8132,'Dagmar','1981-04-26 00','Zelgmatt 21','dagmar.hirsekorn@yahoo.com',NULL,'0',NULL,0,NULL,61,61,NULL,5,31);
INSERT INTO `osce`.`standardized_patient` (`id`,`birthday`,`city`,`email`,`gender`,`height`,`immage_path`,`marital_status`,`mobile`,`name`,`postal_code`,`pre_name`,`social_insurance_no`,`street`,`telephone`,`telephone2`,`version`,`video_path`,`weight`,`work_permission`,`anamnesis_form`,`bank_account`,`descriptions`,`nationality`,`profession`) VALUES (62,'1988-02-14 00:00:00','Lörrach','sugarbabe1402@web.de',0,163,NULL,NULL,'1737648109','Homberg',0,'Lena','','Baslerstr 88','0049 7621 1609394',NULL,'0',NULL,54,NULL,62,62,NULL,6,22);
INSERT INTO `osce`.`standardized_patient` (`id`,`birthday`,`city`,`email`,`gender`,`height`,`immage_path`,`marital_status`,`mobile`,`name`,`postal_code`,`pre_name`,`social_insurance_no`,`street`,`telephone`,`telephone2`,`version`,`video_path`,`weight`,`work_permission`,`anamnesis_form`,`bank_account`,`descriptions`,`nationality`,`profession`) VALUES (63,'1900-01-01 00:00:00','Binningen','info@susannehueber.ch',0,0,NULL,NULL,'076 372 82 52','Hueber',4102,'Susanne','','Parkstrasse 28','',NULL,'0',NULL,0,NULL,63,63,NULL,5,63);
INSERT INTO `osce`.`standardized_patient` (`id`,`birthday`,`city`,`email`,`gender`,`height`,`immage_path`,`marital_status`,`mobile`,`name`,`postal_code`,`pre_name`,`social_insurance_no`,`street`,`telephone`,`telephone2`,`version`,`video_path`,`weight`,`work_permission`,`anamnesis_form`,`bank_account`,`descriptions`,`nationality`,`profession`) VALUES (64,'1985-12-25 00:00:00','Schopfheim','borbeth_hurter@web.de',0,0,NULL,NULL,'','Hurter',0,'Borbeth','496.85.887.1','Bergstr. 9','0049 7622 8608',NULL,'0',NULL,0,NULL,64,64,NULL,6,22);
INSERT INTO `osce`.`standardized_patient` (`id`,`birthday`,`city`,`email`,`gender`,`height`,`immage_path`,`marital_status`,`mobile`,`name`,`postal_code`,`pre_name`,`social_insurance_no`,`street`,`telephone`,`telephone2`,`version`,`video_path`,`weight`,`work_permission`,`anamnesis_form`,`bank_account`,`descriptions`,`nationality`,`profession`) VALUES (65,'1987-11-08 00:00:00','Schopfheim','mirka.hurter@web.de',0,170,NULL,NULL,'0049 1738007385','Hurter',0,'Mirka','496.87.839.1','Bergstr. 9','0049 7622 8608',NULL,'0',NULL,54,NULL,65,65,NULL,6,65);
INSERT INTO `osce`.`standardized_patient` (`id`,`birthday`,`city`,`email`,`gender`,`height`,`immage_path`,`marital_status`,`mobile`,`name`,`postal_code`,`pre_name`,`social_insurance_no`,`street`,`telephone`,`telephone2`,`version`,`video_path`,`weight`,`work_permission`,`anamnesis_form`,`bank_account`,`descriptions`,`nationality`,`profession`) VALUES (66,'1957-10-31 00:00:00','Basel','sibil.joi@gmx.ch',0,175,NULL,NULL,'keins','Jordi',4053,'Sibylla','','Delsbergerallee 69','613311631',NULL,'0',NULL,75,NULL,66,66,NULL,5,22);
INSERT INTO `osce`.`standardized_patient` (`id`,`birthday`,`city`,`email`,`gender`,`height`,`immage_path`,`marital_status`,`mobile`,`name`,`postal_code`,`pre_name`,`social_insurance_no`,`street`,`telephone`,`telephone2`,`version`,`video_path`,`weight`,`work_permission`,`anamnesis_form`,`bank_account`,`descriptions`,`nationality`,`profession`) VALUES (67,'1975-04-27 00:00:00','Füllinsdorf','catiusciajud@bluewin.ch',0,168,NULL,NULL,'765591381','Jud-Girardi',4414,'Kati','','Ergolzstrasse 31','061 9011585',NULL,'0',NULL,55,NULL,67,67,NULL,5,67);
INSERT INTO `osce`.`standardized_patient` (`id`,`birthday`,`city`,`email`,`gender`,`height`,`immage_path`,`marital_status`,`mobile`,`name`,`postal_code`,`pre_name`,`social_insurance_no`,`street`,`telephone`,`telephone2`,`version`,`video_path`,`weight`,`work_permission`,`anamnesis_form`,`bank_account`,`descriptions`,`nationality`,`profession`) VALUES (68,'1969-04-15 00:00:00','Lörrach','kristinajung@ymail.com',0,160,NULL,NULL,'0049 1707746696','Jung',0,'Kristina','','Körnerstrasse 8','',NULL,'0',NULL,56,NULL,68,68,NULL,6,68);
INSERT INTO `osce`.`standardized_patient` (`id`,`birthday`,`city`,`email`,`gender`,`height`,`immage_path`,`marital_status`,`mobile`,`name`,`postal_code`,`pre_name`,`social_insurance_no`,`street`,`telephone`,`telephone2`,`version`,`video_path`,`weight`,`work_permission`,`anamnesis_form`,`bank_account`,`descriptions`,`nationality`,`profession`) VALUES (69,'1981-02-28 00:00:00','Steinen','linkada@gmx.de',0,165,NULL,NULL,'0049 1736757560','Karlin-Hohler',0,'Linda','','Neumattstrasse 24','0049 76275887878',NULL,'0',NULL,64,NULL,69,69,NULL,6,69);
INSERT INTO `osce`.`standardized_patient` (`id`,`birthday`,`city`,`email`,`gender`,`height`,`immage_path`,`marital_status`,`mobile`,`name`,`postal_code`,`pre_name`,`social_insurance_no`,`street`,`telephone`,`telephone2`,`version`,`video_path`,`weight`,`work_permission`,`anamnesis_form`,`bank_account`,`descriptions`,`nationality`,`profession`) VALUES (70,'1987-03-29 00:00:00','Köln','lenzkeckeisen@yahoo.de',0,0,NULL,NULL,'0049 172 6182137','Keckeisen',0,'Lenz','','Alteburgerstr. 299','0049 221 8468157',NULL,'0',NULL,0,NULL,70,70,NULL,6,22);
INSERT INTO `osce`.`standardized_patient` (`id`,`birthday`,`city`,`email`,`gender`,`height`,`immage_path`,`marital_status`,`mobile`,`name`,`postal_code`,`pre_name`,`social_insurance_no`,`street`,`telephone`,`telephone2`,`version`,`video_path`,`weight`,`work_permission`,`anamnesis_form`,`bank_account`,`descriptions`,`nationality`,`profession`) VALUES (71,'1987-07-23 00:00:00','Orpund','mannik.keng@hyperwerk.ch',0,169,NULL,NULL,'079 8187226','Keng',2552,'Mannik','756.0865.830','Pentaweg 26','keins',NULL,'0',NULL,65,NULL,71,71,NULL,5,2);
INSERT INTO `osce`.`standardized_patient` (`id`,`birthday`,`city`,`email`,`gender`,`height`,`immage_path`,`marital_status`,`mobile`,`name`,`postal_code`,`pre_name`,`social_insurance_no`,`street`,`telephone`,`telephone2`,`version`,`video_path`,`weight`,`work_permission`,`anamnesis_form`,`bank_account`,`descriptions`,`nationality`,`profession`) VALUES (72,'1951-07-13 00:00:00','Basel','keuerleber@balcab.ch',0,180,NULL,NULL,'keins','Keuerleber-Burk',4051,'Daniel K.','756.1396.653','Spalentorweg 32','061 272 13 07',NULL,'0',NULL,81,NULL,72,72,NULL,5,72);
INSERT INTO `osce`.`standardized_patient` (`id`,`birthday`,`city`,`email`,`gender`,`height`,`immage_path`,`marital_status`,`mobile`,`name`,`postal_code`,`pre_name`,`social_insurance_no`,`street`,`telephone`,`telephone2`,`version`,`video_path`,`weight`,`work_permission`,`anamnesis_form`,`bank_account`,`descriptions`,`nationality`,`profession`) VALUES (73,'1947-10-05 00:00:00','Reinach','anniekofmel@bluewin.ch',0,171,NULL,NULL,'079 777 8229','Kofmel',4153,'Annie','756.6713.408','Baumgartenweg 31','',NULL,'0',NULL,79,NULL,73,73,NULL,5,25);
INSERT INTO `osce`.`standardized_patient` (`id`,`birthday`,`city`,`email`,`gender`,`height`,`immage_path`,`marital_status`,`mobile`,`name`,`postal_code`,`pre_name`,`social_insurance_no`,`street`,`telephone`,`telephone2`,`version`,`video_path`,`weight`,`work_permission`,`anamnesis_form`,`bank_account`,`descriptions`,`nationality`,`profession`) VALUES (74,'1984-10-24 00:00:00','Birsfelden','e.koranteng@bluewin.ch',0,162,NULL,NULL,'078 870 86 60','Koranteng',4127,'Ena','558.84.824.1','Muttenzerstr. 113','061 361 86 60',NULL,'0',NULL,64,NULL,74,74,NULL,5,2);
INSERT INTO `osce`.`standardized_patient` (`id`,`birthday`,`city`,`email`,`gender`,`height`,`immage_path`,`marital_status`,`mobile`,`name`,`postal_code`,`pre_name`,`social_insurance_no`,`street`,`telephone`,`telephone2`,`version`,`video_path`,`weight`,`work_permission`,`anamnesis_form`,`bank_account`,`descriptions`,`nationality`,`profession`) VALUES (75,'1991-06-24 00:00:00','Wieslet','sammy_kufner@hotmail.com',0,0,NULL,NULL,'0049 1515 087 29 49','Kufner',0,'Samira','','Weitenauer Str. 18','0049 7622 669 992',NULL,'0',NULL,0,NULL,75,75,NULL,6,22);
INSERT INTO `osce`.`standardized_patient` (`id`,`birthday`,`city`,`email`,`gender`,`height`,`immage_path`,`marital_status`,`mobile`,`name`,`postal_code`,`pre_name`,`social_insurance_no`,`street`,`telephone`,`telephone2`,`version`,`video_path`,`weight`,`work_permission`,`anamnesis_form`,`bank_account`,`descriptions`,`nationality`,`profession`) VALUES (76,'1989-03-10 00:00:00','Elbenschwand','anne_kuttler@yahoo.de',0,160,NULL,NULL,'0049 1749885279','Kuttler',0,'Anne','','Holl 1','0049 7629533',NULL,'0',NULL,54,NULL,76,76,NULL,6,2);
INSERT INTO `osce`.`standardized_patient` (`id`,`birthday`,`city`,`email`,`gender`,`height`,`immage_path`,`marital_status`,`mobile`,`name`,`postal_code`,`pre_name`,`social_insurance_no`,`street`,`telephone`,`telephone2`,`version`,`video_path`,`weight`,`work_permission`,`anamnesis_form`,`bank_account`,`descriptions`,`nationality`,`profession`) VALUES (77,'1991-04-11 00:00:00','Elbenschwand','tinakuttler@ymail.com',0,0,NULL,NULL,'0049 172 766 75 49','Kuttler',0,'Tina','','Holl 1','0049 7629 5 33',NULL,'0',NULL,0,NULL,77,77,NULL,6,22);
INSERT INTO `osce`.`standardized_patient` (`id`,`birthday`,`city`,`email`,`gender`,`height`,`immage_path`,`marital_status`,`mobile`,`name`,`postal_code`,`pre_name`,`social_insurance_no`,`street`,`telephone`,`telephone2`,`version`,`video_path`,`weight`,`work_permission`,`anamnesis_form`,`bank_account`,`descriptions`,`nationality`,`profession`) VALUES (78,'1991-03-10 00:00:00','Wehr','nadine.lay@hotmail.de',0,170,NULL,NULL,'0049 15117348732','Lay',0,'Nadine','','Höfstrasse 25','07762 805182',NULL,'0',NULL,55,NULL,78,78,NULL,6,15);
INSERT INTO `osce`.`standardized_patient` (`id`,`birthday`,`city`,`email`,`gender`,`height`,`immage_path`,`marital_status`,`mobile`,`name`,`postal_code`,`pre_name`,`social_insurance_no`,`street`,`telephone`,`telephone2`,`version`,`video_path`,`weight`,`work_permission`,`anamnesis_form`,`bank_account`,`descriptions`,`nationality`,`profession`) VALUES (79,'1968-05-09 00:00:00','Grenzach-Wyhlen','anja.maier.wolf@gmx.de',0,170,NULL,NULL,'','Maier-Wolf',0,'Anja','','Stückweg 8','0049 7624 98 26 28',NULL,'0',NULL,63,NULL,79,79,NULL,6,79);
INSERT INTO `osce`.`standardized_patient` (`id`,`birthday`,`city`,`email`,`gender`,`height`,`immage_path`,`marital_status`,`mobile`,`name`,`postal_code`,`pre_name`,`social_insurance_no`,`street`,`telephone`,`telephone2`,`version`,`video_path`,`weight`,`work_permission`,`anamnesis_form`,`bank_account`,`descriptions`,`nationality`,`profession`) VALUES (80,'1957-05-30 00:00:00','Oberwil','m.maurer22@gmx.net',0,157,NULL,NULL,'078 757 26 98','Maurer',4104,'Manuela','756.3536.427','Bielstr. 39','',NULL,'0',NULL,50,NULL,80,80,NULL,6,25);
INSERT INTO `osce`.`standardized_patient` (`id`,`birthday`,`city`,`email`,`gender`,`height`,`immage_path`,`marital_status`,`mobile`,`name`,`postal_code`,`pre_name`,`social_insurance_no`,`street`,`telephone`,`telephone2`,`version`,`video_path`,`weight`,`work_permission`,`anamnesis_form`,`bank_account`,`descriptions`,`nationality`,`profession`) VALUES (81,'1957-04-25 00:00:00','Möhlin','anita.menet@bluewin.ch',0,168,NULL,NULL,'079 752 99 43','Menet',4313,'Anita','','Föhrenstr. 16','061 851 51 90',NULL,'0',NULL,103,NULL,81,81,NULL,5,81);
INSERT INTO `osce`.`standardized_patient` (`id`,`birthday`,`city`,`email`,`gender`,`height`,`immage_path`,`marital_status`,`mobile`,`name`,`postal_code`,`pre_name`,`social_insurance_no`,`street`,`telephone`,`telephone2`,`version`,`video_path`,`weight`,`work_permission`,`anamnesis_form`,`bank_account`,`descriptions`,`nationality`,`profession`) VALUES (82,'1961-02-14 00:00:00','Basel','elisabeth.metzger@coach-click.ch',0,165,NULL,NULL,'788888292','Metzger',4055,'Elisabeth','','Heinrichsgasse 9','613015161',NULL,'0',NULL,60,NULL,82,82,NULL,5,82);
INSERT INTO `osce`.`standardized_patient` (`id`,`birthday`,`city`,`email`,`gender`,`height`,`immage_path`,`marital_status`,`mobile`,`name`,`postal_code`,`pre_name`,`social_insurance_no`,`street`,`telephone`,`telephone2`,`version`,`video_path`,`weight`,`work_permission`,`anamnesis_form`,`bank_account`,`descriptions`,`nationality`,`profession`) VALUES (83,'1987-05-12 00:00:00','Basel','n.mig@gmx.net',0,178,NULL,NULL,'079 7842739','Miglioretto',4058,'Nicolas','652.87.243.1','Sägergässlein 3','keins',NULL,'0',NULL,73,NULL,83,83,NULL,5,2);
INSERT INTO `osce`.`standardized_patient` (`id`,`birthday`,`city`,`email`,`gender`,`height`,`immage_path`,`marital_status`,`mobile`,`name`,`postal_code`,`pre_name`,`social_insurance_no`,`street`,`telephone`,`telephone2`,`version`,`video_path`,`weight`,`work_permission`,`anamnesis_form`,`bank_account`,`descriptions`,`nationality`,`profession`) VALUES (84,'1968-12-05 00:00:00','Basel','beatrice.e.mueller@gmail.com',0,159,NULL,NULL,'079 748 04 06','Müller',4052,'Beatrice','','Mühelenberg 18','612723141',NULL,'0',NULL,55,NULL,84,84,NULL,5,84);
INSERT INTO `osce`.`standardized_patient` (`id`,`birthday`,`city`,`email`,`gender`,`height`,`immage_path`,`marital_status`,`mobile`,`name`,`postal_code`,`pre_name`,`social_insurance_no`,`street`,`telephone`,`telephone2`,`version`,`video_path`,`weight`,`work_permission`,`anamnesis_form`,`bank_account`,`descriptions`,`nationality`,`profession`) VALUES (85,'1959-11-28 00:00:00','Basel','rogerdmueller@hotmail.com',0,178,NULL,NULL,'796671181','Müller',4057,'Roger D.','','Florastrasse 38','keins',NULL,'0',NULL,72,NULL,85,85,NULL,5,85);
INSERT INTO `osce`.`standardized_patient` (`id`,`birthday`,`city`,`email`,`gender`,`height`,`immage_path`,`marital_status`,`mobile`,`name`,`postal_code`,`pre_name`,`social_insurance_no`,`street`,`telephone`,`telephone2`,`version`,`video_path`,`weight`,`work_permission`,`anamnesis_form`,`bank_account`,`descriptions`,`nationality`,`profession`) VALUES (86,'1943-09-19 00:00:00','Bottmingen','muem@bluewin.ch',0,170,NULL,NULL,'792163120','Müller-Schmidt',4103,'Christine','','Rosenweg 6','613221495',NULL,'0',NULL,82,NULL,86,86,NULL,5,86);
INSERT INTO `osce`.`standardized_patient` (`id`,`birthday`,`city`,`email`,`gender`,`height`,`immage_path`,`marital_status`,`mobile`,`name`,`postal_code`,`pre_name`,`social_insurance_no`,`street`,`telephone`,`telephone2`,`version`,`video_path`,`weight`,`work_permission`,`anamnesis_form`,`bank_account`,`descriptions`,`nationality`,`profession`) VALUES (87,'1990-05-15 00:00:00','Stockmatt','moritz_neuschutz@hotmail.com',0,183,NULL,NULL,'0049 151 57717699','Neuschütz',0,'Moritz','','Mittlere Strasse 3','0049 7629 912 97 77',NULL,'0',NULL,75,NULL,87,87,NULL,6,2);
INSERT INTO `osce`.`standardized_patient` (`id`,`birthday`,`city`,`email`,`gender`,`height`,`immage_path`,`marital_status`,`mobile`,`name`,`postal_code`,`pre_name`,`social_insurance_no`,`street`,`telephone`,`telephone2`,`version`,`video_path`,`weight`,`work_permission`,`anamnesis_form`,`bank_account`,`descriptions`,`nationality`,`profession`) VALUES (88,'1992-02-12 00:00:00','Kleines Wiesental','kerstinneuschutz@hotmail.com',0,170,NULL,NULL,'0049 162 691 46 86','Neuschütz',0,'Kerstin','','Mittlere Strasse 3','0049 7629 912 97 77',NULL,'0',NULL,69,NULL,88,88,NULL,6,2);
INSERT INTO `osce`.`standardized_patient` (`id`,`birthday`,`city`,`email`,`gender`,`height`,`immage_path`,`marital_status`,`mobile`,`name`,`postal_code`,`pre_name`,`social_insurance_no`,`street`,`telephone`,`telephone2`,`version`,`video_path`,`weight`,`work_permission`,`anamnesis_form`,`bank_account`,`descriptions`,`nationality`,`profession`) VALUES (89,'1957-11-08 00:00:00','Kleines Wiesental','regina_neuschutz@hotmail.com',0,165,NULL,NULL,'0049 1726326878','Neuschütz',0,'Regina','','Mittlere Strasse 3','0049 76299129777',NULL,'0',NULL,57,NULL,89,89,NULL,6,34);
INSERT INTO `osce`.`standardized_patient` (`id`,`birthday`,`city`,`email`,`gender`,`height`,`immage_path`,`marital_status`,`mobile`,`name`,`postal_code`,`pre_name`,`social_insurance_no`,`street`,`telephone`,`telephone2`,`version`,`video_path`,`weight`,`work_permission`,`anamnesis_form`,`bank_account`,`descriptions`,`nationality`,`profession`) VALUES (90,'1900-01-01 00:00:00','Kleines Wiesental','rgmkneuschuetz@t-online.de',0,0,NULL,NULL,'','Neuschütz',0,'Günter','','Mittlere Strasse 3','0049 76299129777',NULL,'0',NULL,0,NULL,90,90,NULL,6,22);
INSERT INTO `osce`.`standardized_patient` (`id`,`birthday`,`city`,`email`,`gender`,`height`,`immage_path`,`marital_status`,`mobile`,`name`,`postal_code`,`pre_name`,`social_insurance_no`,`street`,`telephone`,`telephone2`,`version`,`video_path`,`weight`,`work_permission`,`anamnesis_form`,`bank_account`,`descriptions`,`nationality`,`profession`) VALUES (91,'1994-11-12 00:00:00','Oberwil','lucanotaro@hotmail.com',0,178,NULL,NULL,'','Notaro',4104,'Luca','','Schmiedengasse 4','061 401 36 95',NULL,'0',NULL,65,NULL,91,91,NULL,7,15);
INSERT INTO `osce`.`standardized_patient` (`id`,`birthday`,`city`,`email`,`gender`,`height`,`immage_path`,`marital_status`,`mobile`,`name`,`postal_code`,`pre_name`,`social_insurance_no`,`street`,`telephone`,`telephone2`,`version`,`video_path`,`weight`,`work_permission`,`anamnesis_form`,`bank_account`,`descriptions`,`nationality`,`profession`) VALUES (92,'1965-04-16 00:00:00','Basel','nueesch-corvini@balcab.ch',0,163,NULL,NULL,'keine','Nüesch',4056,'Caterina','','St. Johanns-Vorstadt 35','061 322 62 21',NULL,'0',NULL,54,NULL,92,92,NULL,5,92);
INSERT INTO `osce`.`standardized_patient` (`id`,`birthday`,`city`,`email`,`gender`,`height`,`immage_path`,`marital_status`,`mobile`,`name`,`postal_code`,`pre_name`,`social_insurance_no`,`street`,`telephone`,`telephone2`,`version`,`video_path`,`weight`,`work_permission`,`anamnesis_form`,`bank_account`,`descriptions`,`nationality`,`profession`) VALUES (93,'1960-09-04 00:00:00','Basel','nueesch-corvini@balcab.ch',0,170,NULL,NULL,'797744026','Nüesch',4056,'Thomas','687.60.366.2','St.Johanns-Vorstandt 35','061 322 62 21',NULL,'0',NULL,68,NULL,93,93,NULL,5,92);
INSERT INTO `osce`.`standardized_patient` (`id`,`birthday`,`city`,`email`,`gender`,`height`,`immage_path`,`marital_status`,`mobile`,`name`,`postal_code`,`pre_name`,`social_insurance_no`,`street`,`telephone`,`telephone2`,`version`,`video_path`,`weight`,`work_permission`,`anamnesis_form`,`bank_account`,`descriptions`,`nationality`,`profession`) VALUES (94,'1987-05-04 00:00:00','Lörrach','michi.ochmann@gmx.de',0,182,NULL,NULL,'0049 17661631121','Ochmann',0,'Michael','692.87.235.0','Turmringerstrasse 297a','keins',NULL,'0',NULL,68,NULL,94,94,NULL,6,2);
INSERT INTO `osce`.`standardized_patient` (`id`,`birthday`,`city`,`email`,`gender`,`height`,`immage_path`,`marital_status`,`mobile`,`name`,`postal_code`,`pre_name`,`social_insurance_no`,`street`,`telephone`,`telephone2`,`version`,`video_path`,`weight`,`work_permission`,`anamnesis_form`,`bank_account`,`descriptions`,`nationality`,`profession`) VALUES (95,'1963-05-06 00:00:00','Muttenz','supervision@osenger.ch',0,163,NULL,NULL,'787699932','Osenger',4132,'Heike','756.3016.752','Freidorf 151','615997285',NULL,'0',NULL,58,NULL,95,95,NULL,6,82);
INSERT INTO `osce`.`standardized_patient` (`id`,`birthday`,`city`,`email`,`gender`,`height`,`immage_path`,`marital_status`,`mobile`,`name`,`postal_code`,`pre_name`,`social_insurance_no`,`street`,`telephone`,`telephone2`,`version`,`video_path`,`weight`,`work_permission`,`anamnesis_form`,`bank_account`,`descriptions`,`nationality`,`profession`) VALUES (96,'1990-08-28 00:00:00','Wehr','marry.pfeiffer@web.de',0,165,NULL,NULL,'17696124941','Pfeiffer',0,'Marion','','Mozartstrasse 4','0049 7762 37 16',NULL,'0',NULL,60,NULL,96,96,NULL,6,15);
INSERT INTO `osce`.`standardized_patient` (`id`,`birthday`,`city`,`email`,`gender`,`height`,`immage_path`,`marital_status`,`mobile`,`name`,`postal_code`,`pre_name`,`social_insurance_no`,`street`,`telephone`,`telephone2`,`version`,`video_path`,`weight`,`work_permission`,`anamnesis_form`,`bank_account`,`descriptions`,`nationality`,`profession`) VALUES (97,'1941-05-17 00:00:00','Freidorf','icchartmutpfeil@bluewin.ch',0,173,NULL,NULL,'792220047','Pfeil',9306,'Harmut','756.3567.501','Säntisstr.6','keins',NULL,'0',NULL,75,NULL,97,97,NULL,5,31);
INSERT INTO `osce`.`standardized_patient` (`id`,`birthday`,`city`,`email`,`gender`,`height`,`immage_path`,`marital_status`,`mobile`,`name`,`postal_code`,`pre_name`,`social_insurance_no`,`street`,`telephone`,`telephone2`,`version`,`video_path`,`weight`,`work_permission`,`anamnesis_form`,`bank_account`,`descriptions`,`nationality`,`profession`) VALUES (98,'1967-11-28 00:00:00','Geiswasser','Info@ulrichpleines.de',0,174,NULL,NULL,'0049 172 80 77 210','Pleines',0,'Ulrich','','5 rue des primevères','0033 389 723 715',NULL,'0',NULL,68,NULL,98,98,NULL,6,98);
INSERT INTO `osce`.`standardized_patient` (`id`,`birthday`,`city`,`email`,`gender`,`height`,`immage_path`,`marital_status`,`mobile`,`name`,`postal_code`,`pre_name`,`social_insurance_no`,`street`,`telephone`,`telephone2`,`version`,`video_path`,`weight`,`work_permission`,`anamnesis_form`,`bank_account`,`descriptions`,`nationality`,`profession`) VALUES (99,'1961-05-17 00:00:00','Lörrach','a_pomnitz@web.de',0,165,NULL,NULL,'0049 7621 91523-0','Pomnitz',0,'Annette','720.61.648.2','Feldbergstr.33','0049 7621 44674',NULL,'0',NULL,55,NULL,99,99,NULL,6,20);
INSERT INTO `osce`.`standardized_patient` (`id`,`birthday`,`city`,`email`,`gender`,`height`,`immage_path`,`marital_status`,`mobile`,`name`,`postal_code`,`pre_name`,`social_insurance_no`,`street`,`telephone`,`telephone2`,`version`,`video_path`,`weight`,`work_permission`,`anamnesis_form`,`bank_account`,`descriptions`,`nationality`,`profession`) VALUES (100,'1989-11-15 00:00:00','Lörrach','FiniP@web.de',0,166,NULL,NULL,'','Pomnitz',0,'Josefine','','Feldbergstr. 33','0049 7621 44674',NULL,NULL,NULL,58,NULL,100,100,NULL,6,15);
INSERT INTO `osce`.`standardized_patient` (`id`,`birthday`,`city`,`email`,`gender`,`height`,`immage_path`,`marital_status`,`mobile`,`name`,`postal_code`,`pre_name`,`social_insurance_no`,`street`,`telephone`,`telephone2`,`version`,`video_path`,`weight`,`work_permission`,`anamnesis_form`,`bank_account`,`descriptions`,`nationality`,`profession`) VALUES (101,'1987-08-15 00:00:00','Karlsruhe','paul.pomnitz@student.kit.edu',0,175,NULL,NULL,'','Pomnitz',0,'Paul','','Reinhold-Frank-Strasse 20','07621 44674',NULL,'0',NULL,75,NULL,101,101,NULL,6,2);
INSERT INTO `osce`.`standardized_patient` (`id`,`birthday`,`city`,`email`,`gender`,`height`,`immage_path`,`marital_status`,`mobile`,`name`,`postal_code`,`pre_name`,`social_insurance_no`,`street`,`telephone`,`telephone2`,`version`,`video_path`,`weight`,`work_permission`,`anamnesis_form`,`bank_account`,`descriptions`,`nationality`,`profession`) VALUES (102,'1968-01-24 00:00:00','Basel','chrisprein@bluewin.ch',0,184,NULL,NULL,'076 368 24 01','Prein',4054,'Christopher','','Bachlettenstr. 36','',NULL,'0',NULL,86,NULL,102,102,NULL,5,102);
INSERT INTO `osce`.`standardized_patient` (`id`,`birthday`,`city`,`email`,`gender`,`height`,`immage_path`,`marital_status`,`mobile`,`name`,`postal_code`,`pre_name`,`social_insurance_no`,`street`,`telephone`,`telephone2`,`version`,`video_path`,`weight`,`work_permission`,`anamnesis_form`,`bank_account`,`descriptions`,`nationality`,`profession`) VALUES (103,'1945-07-04 00:00:00','Basel','margrith-reber@gmx.ch',0,154,NULL,NULL,'796866560','Reber',4052,'Margrith','','Zürcherstrasse 160','615564838',NULL,'0',NULL,70,NULL,103,103,NULL,5,84);
INSERT INTO `osce`.`standardized_patient` (`id`,`birthday`,`city`,`email`,`gender`,`height`,`immage_path`,`marital_status`,`mobile`,`name`,`postal_code`,`pre_name`,`social_insurance_no`,`street`,`telephone`,`telephone2`,`version`,`video_path`,`weight`,`work_permission`,`anamnesis_form`,`bank_account`,`descriptions`,`nationality`,`profession`) VALUES (104,'1965-05-03 00:00:00','Jestetten','Kadettler55@freemailer.ch',0,175,NULL,NULL,'077 433 64 53','Reeh',0,'Otmar','','Greuthweg 1','0049 7745 12 25',NULL,'0',NULL,82,NULL,104,104,NULL,6,104);
INSERT INTO `osce`.`standardized_patient` (`id`,`birthday`,`city`,`email`,`gender`,`height`,`immage_path`,`marital_status`,`mobile`,`name`,`postal_code`,`pre_name`,`social_insurance_no`,`street`,`telephone`,`telephone2`,`version`,`video_path`,`weight`,`work_permission`,`anamnesis_form`,`bank_account`,`descriptions`,`nationality`,`profession`) VALUES (105,'1989-04-01 00:00:00','Basel','ellen.reift@gmx.ch',0,160,NULL,NULL,'793589081','Reift',4058,'Ellen','','Riburgstrasse 3','keins',NULL,'0',NULL,67,NULL,105,105,NULL,5,2);
INSERT INTO `osce`.`standardized_patient` (`id`,`birthday`,`city`,`email`,`gender`,`height`,`immage_path`,`marital_status`,`mobile`,`name`,`postal_code`,`pre_name`,`social_insurance_no`,`street`,`telephone`,`telephone2`,`version`,`video_path`,`weight`,`work_permission`,`anamnesis_form`,`bank_account`,`descriptions`,`nationality`,`profession`) VALUES (106,'1990-11-26 00:00:00','Basel','lucas.renaud@bluewin.ch',0,179,NULL,NULL,'797331723','Renaud',4054,'Lucas','','In den Ziegelhöfen 114','613023841',NULL,'0',NULL,72,NULL,106,106,NULL,5,15);
INSERT INTO `osce`.`standardized_patient` (`id`,`birthday`,`city`,`email`,`gender`,`height`,`immage_path`,`marital_status`,`mobile`,`name`,`postal_code`,`pre_name`,`social_insurance_no`,`street`,`telephone`,`telephone2`,`version`,`video_path`,`weight`,`work_permission`,`anamnesis_form`,`bank_account`,`descriptions`,`nationality`,`profession`) VALUES (107,'1989-12-17 00:00:00','Riehen','anidasmile@hotmail.com',0,171,NULL,NULL,'079 819 41 00','Renner',4125,'Adina','756.0992.631','Rudolf Wackernagelstrasse 111','061 641 59 24',NULL,'0',NULL,70,NULL,107,107,NULL,5,65);
INSERT INTO `osce`.`standardized_patient` (`id`,`birthday`,`city`,`email`,`gender`,`height`,`immage_path`,`marital_status`,`mobile`,`name`,`postal_code`,`pre_name`,`social_insurance_no`,`street`,`telephone`,`telephone2`,`version`,`video_path`,`weight`,`work_permission`,`anamnesis_form`,`bank_account`,`descriptions`,`nationality`,`profession`) VALUES (108,'1961-02-19 00:00:00','Grenzach-Wyhlen','thomas.richter@stud.unibas.ch',0,170,NULL,NULL,'keins','Richter',0,'Gertrud','','Ritterstrasse 43','0049 7624981327',NULL,'0',NULL,158,NULL,108,108,NULL,6,108);
INSERT INTO `osce`.`standardized_patient` (`id`,`birthday`,`city`,`email`,`gender`,`height`,`immage_path`,`marital_status`,`mobile`,`name`,`postal_code`,`pre_name`,`social_insurance_no`,`street`,`telephone`,`telephone2`,`version`,`video_path`,`weight`,`work_permission`,`anamnesis_form`,`bank_account`,`descriptions`,`nationality`,`profession`) VALUES (109,'1900-01-01 00:00:00','F-68220','Neuwiller',0,0,NULL,NULL,'','Richter-Kuttler',0,'Dagmar','1960-06-21 00','1','HKUTTI@aol.com',NULL,'0',NULL,0,NULL,109,109,NULL,6,22);
INSERT INTO `osce`.`standardized_patient` (`id`,`birthday`,`city`,`email`,`gender`,`height`,`immage_path`,`marital_status`,`mobile`,`name`,`postal_code`,`pre_name`,`social_insurance_no`,`street`,`telephone`,`telephone2`,`version`,`video_path`,`weight`,`work_permission`,`anamnesis_form`,`bank_account`,`descriptions`,`nationality`,`profession`) VALUES (110,'1961-10-09 00:00:00','Riehen','twixter@bluewin.ch',0,165,NULL,NULL,'764330074','Röttig',4125,'Alix','','Dinkelbergstrasse 66','616410074',NULL,'0',NULL,80,NULL,110,110,NULL,5,110);
INSERT INTO `osce`.`standardized_patient` (`id`,`birthday`,`city`,`email`,`gender`,`height`,`immage_path`,`marital_status`,`mobile`,`name`,`postal_code`,`pre_name`,`social_insurance_no`,`street`,`telephone`,`telephone2`,`version`,`video_path`,`weight`,`work_permission`,`anamnesis_form`,`bank_account`,`descriptions`,`nationality`,`profession`) VALUES (111,'1942-08-14 00:00:00','Basel','sascha@magnet.ch',0,0,NULL,NULL,'077 464 68 10','Schaerer',4059,'Alec','805.42.345.1','Unterer Batterieweg 113','061 361 78 55',NULL,'0',NULL,0,NULL,111,111,NULL,5,111);
INSERT INTO `osce`.`standardized_patient` (`id`,`birthday`,`city`,`email`,`gender`,`height`,`immage_path`,`marital_status`,`mobile`,`name`,`postal_code`,`pre_name`,`social_insurance_no`,`street`,`telephone`,`telephone2`,`version`,`video_path`,`weight`,`work_permission`,`anamnesis_form`,`bank_account`,`descriptions`,`nationality`,`profession`) VALUES (112,'1989-06-25 00:00:00','Sursee','felicia.schaefer@hyperwerk.ch',0,167,NULL,NULL,'795830205','Schäfer',6210,'Felicia','796.8737.817','Seestrasse 7','keins',NULL,'0',NULL,60,NULL,112,2,NULL,5,2);
INSERT INTO `osce`.`standardized_patient` (`id`,`birthday`,`city`,`email`,`gender`,`height`,`immage_path`,`marital_status`,`mobile`,`name`,`postal_code`,`pre_name`,`social_insurance_no`,`street`,`telephone`,`telephone2`,`version`,`video_path`,`weight`,`work_permission`,`anamnesis_form`,`bank_account`,`descriptions`,`nationality`,`profession`) VALUES (113,'1964-12-29 00:00:00','Birsfelden/BL','thomas@ths-music.ch',0,172,NULL,NULL,'079 372 69 23','Schauffert',0,'Thomas','756.3254.016','Hardstrasse 16','061 313 53 35',NULL,'0',NULL,0,NULL,113,113,NULL,5,82);
INSERT INTO `osce`.`standardized_patient` (`id`,`birthday`,`city`,`email`,`gender`,`height`,`immage_path`,`marital_status`,`mobile`,`name`,`postal_code`,`pre_name`,`social_insurance_no`,`street`,`telephone`,`telephone2`,`version`,`video_path`,`weight`,`work_permission`,`anamnesis_form`,`bank_account`,`descriptions`,`nationality`,`profession`) VALUES (114,'1969-08-25 00:00:00','Lörrach','reisender00@gmx.ch',0,180,NULL,NULL,'782832508','Scheffler',0,'Frank','','Lettenweg 55','0049 15157579802',NULL,'0',NULL,91,NULL,114,114,NULL,6,25);
INSERT INTO `osce`.`standardized_patient` (`id`,`birthday`,`city`,`email`,`gender`,`height`,`immage_path`,`marital_status`,`mobile`,`name`,`postal_code`,`pre_name`,`social_insurance_no`,`street`,`telephone`,`telephone2`,`version`,`video_path`,`weight`,`work_permission`,`anamnesis_form`,`bank_account`,`descriptions`,`nationality`,`profession`) VALUES (115,'1947-11-01 00:00:00','Kaisten','toschlaepfer@gmail.com',0,186,NULL,NULL,'keins','Schlaepfer',5082,'Carl Anton','756.0190.641','Lindengasse 10','628741483',NULL,'0',NULL,100,NULL,115,115,NULL,5,3);
INSERT INTO `osce`.`standardized_patient` (`id`,`birthday`,`city`,`email`,`gender`,`height`,`immage_path`,`marital_status`,`mobile`,`name`,`postal_code`,`pre_name`,`social_insurance_no`,`street`,`telephone`,`telephone2`,`version`,`video_path`,`weight`,`work_permission`,`anamnesis_form`,`bank_account`,`descriptions`,`nationality`,`profession`) VALUES (116,'1976-02-16 00:00:00','Basel','info@charivari-netz.de',0,183,NULL,NULL,'0049 170 283 76 51','Schmid',4056,'Matthias','','Largitzenstr. 81','061 321 54 93',NULL,'0',NULL,83,NULL,116,116,NULL,6,31);
INSERT INTO `osce`.`standardized_patient` (`id`,`birthday`,`city`,`email`,`gender`,`height`,`immage_path`,`marital_status`,`mobile`,`name`,`postal_code`,`pre_name`,`social_insurance_no`,`street`,`telephone`,`telephone2`,`version`,`video_path`,`weight`,`work_permission`,`anamnesis_form`,`bank_account`,`descriptions`,`nationality`,`profession`) VALUES (117,'1990-04-16 00:00:00','Riehen','muriel.schmid@stud.unibas.ch',0,164,NULL,NULL,'076 593 47 46','Schmid',4125,'Muriel','756.4672.581','Unterm Schellenberg 134','061 601 71 20',NULL,'0',NULL,56,NULL,117,117,NULL,5,2);
INSERT INTO `osce`.`standardized_patient` (`id`,`birthday`,`city`,`email`,`gender`,`height`,`immage_path`,`marital_status`,`mobile`,`name`,`postal_code`,`pre_name`,`social_insurance_no`,`street`,`telephone`,`telephone2`,`version`,`video_path`,`weight`,`work_permission`,`anamnesis_form`,`bank_account`,`descriptions`,`nationality`,`profession`) VALUES (118,'1988-03-05 00:00:00','Riehen','arianeschmid@bluewin.ch',0,168,NULL,NULL,'763022790','Schmid',4125,'Ariane','','Unterm Schellenberg 134','612793300',NULL,'0',NULL,57,NULL,118,118,NULL,5,2);
INSERT INTO `osce`.`standardized_patient` (`id`,`birthday`,`city`,`email`,`gender`,`height`,`immage_path`,`marital_status`,`mobile`,`name`,`postal_code`,`pre_name`,`social_insurance_no`,`street`,`telephone`,`telephone2`,`version`,`video_path`,`weight`,`work_permission`,`anamnesis_form`,`bank_account`,`descriptions`,`nationality`,`profession`) VALUES (119,'1945-06-05 00:00:00','Basel','h_l_schmid@bluewin.ch',0,182,NULL,NULL,'keins','Schmid',4052,'Hans-Ruedi','821.45.267.1','Nasenweg 11','613121068',NULL,'0',NULL,83,NULL,119,119,NULL,5,3);
INSERT INTO `osce`.`standardized_patient` (`id`,`birthday`,`city`,`email`,`gender`,`height`,`immage_path`,`marital_status`,`mobile`,`name`,`postal_code`,`pre_name`,`social_insurance_no`,`street`,`telephone`,`telephone2`,`version`,`video_path`,`weight`,`work_permission`,`anamnesis_form`,`bank_account`,`descriptions`,`nationality`,`profession`) VALUES (120,'1944-12-22 00:00:00','Basel','fred221244@gmail.com',0,176,NULL,NULL,'079 518 24 76','Schmidli',4052,'Alfred','756.8924.735','In den Klosterreben 42','613122456',NULL,'0',NULL,85,NULL,120,120,NULL,5,3);
INSERT INTO `osce`.`standardized_patient` (`id`,`birthday`,`city`,`email`,`gender`,`height`,`immage_path`,`marital_status`,`mobile`,`name`,`postal_code`,`pre_name`,`social_insurance_no`,`street`,`telephone`,`telephone2`,`version`,`video_path`,`weight`,`work_permission`,`anamnesis_form`,`bank_account`,`descriptions`,`nationality`,`profession`) VALUES (121,'1956-03-30 00:00:00','Basel','irm.schmidt@bluewin.ch',0,160,NULL,NULL,'763737131','Schmidt',4058,'Irmgard','822.56.592.1','Schönaustrasse 51','616815422',NULL,'0',NULL,60,NULL,121,121,NULL,6,25);
INSERT INTO `osce`.`standardized_patient` (`id`,`birthday`,`city`,`email`,`gender`,`height`,`immage_path`,`marital_status`,`mobile`,`name`,`postal_code`,`pre_name`,`social_insurance_no`,`street`,`telephone`,`telephone2`,`version`,`video_path`,`weight`,`work_permission`,`anamnesis_form`,`bank_account`,`descriptions`,`nationality`,`profession`) VALUES (122,'1900-01-01 00:00:00','Safnern','akbigler@bluewin.ch',0,0,NULL,NULL,'keins','Schmied',2553,'Bernhard','','Talstrasse 26','032 355 20 48',NULL,'0',NULL,0,NULL,122,122,NULL,5,3);
INSERT INTO `osce`.`standardized_patient` (`id`,`birthday`,`city`,`email`,`gender`,`height`,`immage_path`,`marital_status`,`mobile`,`name`,`postal_code`,`pre_name`,`social_insurance_no`,`street`,`telephone`,`telephone2`,`version`,`video_path`,`weight`,`work_permission`,`anamnesis_form`,`bank_account`,`descriptions`,`nationality`,`profession`) VALUES (123,'1987-11-01 00:00:00','Schopfheim','Mantao2@web.de',0,0,NULL,NULL,'0049 173 8336580','Schwab',0,'Mantao','','Dinkelberstrasse 40','76258664',NULL,'0',NULL,0,NULL,123,123,NULL,6,22);
INSERT INTO `osce`.`standardized_patient` (`id`,`birthday`,`city`,`email`,`gender`,`height`,`immage_path`,`marital_status`,`mobile`,`name`,`postal_code`,`pre_name`,`social_insurance_no`,`street`,`telephone`,`telephone2`,`version`,`video_path`,`weight`,`work_permission`,`anamnesis_form`,`bank_account`,`descriptions`,`nationality`,`profession`) VALUES (124,'1976-05-31 00:00:00','Reinach','sonjaschwarz@yahoo.de',0,160,NULL,NULL,'793708709','Schwarz',4153,'Sonja','756.8448.491','Fleischbachstrasse 23','617115609',NULL,'0',NULL,61,NULL,124,124,NULL,5,124);
INSERT INTO `osce`.`standardized_patient` (`id`,`birthday`,`city`,`email`,`gender`,`height`,`immage_path`,`marital_status`,`mobile`,`name`,`postal_code`,`pre_name`,`social_insurance_no`,`street`,`telephone`,`telephone2`,`version`,`video_path`,`weight`,`work_permission`,`anamnesis_form`,`bank_account`,`descriptions`,`nationality`,`profession`) VALUES (125,'1969-09-04 00:00:00','Riehen','sabine@sikemeier.ch',0,176,NULL,NULL,'079 420 43 09','Sikemeier',4125,'Sabine-Christine','','Niederholzstrasse 36','616015104',NULL,'0',NULL,66,NULL,125,125,NULL,5,125);
INSERT INTO `osce`.`standardized_patient` (`id`,`birthday`,`city`,`email`,`gender`,`height`,`immage_path`,`marital_status`,`mobile`,`name`,`postal_code`,`pre_name`,`social_insurance_no`,`street`,`telephone`,`telephone2`,`version`,`video_path`,`weight`,`work_permission`,`anamnesis_form`,`bank_account`,`descriptions`,`nationality`,`profession`) VALUES (126,'1963-07-29 00:00:00','Basel','barbara.corvini@bluemail.ch',0,0,NULL,NULL,'','Spahni',4051,'Barbara','793.63.729.2','Unterer Heuberg 27','061 261 0367',NULL,'0',NULL,0,NULL,126,126,NULL,5,22);
INSERT INTO `osce`.`standardized_patient` (`id`,`birthday`,`city`,`email`,`gender`,`height`,`immage_path`,`marital_status`,`mobile`,`name`,`postal_code`,`pre_name`,`social_insurance_no`,`street`,`telephone`,`telephone2`,`version`,`video_path`,`weight`,`work_permission`,`anamnesis_form`,`bank_account`,`descriptions`,`nationality`,`profession`) VALUES (127,'1989-07-23 00:00:00','Basel','saraspahni@bluemail.ch',0,170,NULL,NULL,'079 339 96 78','Spahni',4051,'Sara','','Unterer Heuberg 27','061 261 0367',NULL,'0',NULL,57,NULL,127,127,NULL,5,2);
INSERT INTO `osce`.`standardized_patient` (`id`,`birthday`,`city`,`email`,`gender`,`height`,`immage_path`,`marital_status`,`mobile`,`name`,`postal_code`,`pre_name`,`social_insurance_no`,`street`,`telephone`,`telephone2`,`version`,`video_path`,`weight`,`work_permission`,`anamnesis_form`,`bank_account`,`descriptions`,`nationality`,`profession`) VALUES (128,'1959-04-24 00:00:00','Heitersheim','thsp@posteo.de',0,176,NULL,NULL,'0049 151 280 463 73','Speier',0,'Thomas','','Frankenstr. 4a','0049 7634 69 50 15',NULL,'0',NULL,76,NULL,128,128,NULL,6,128);
INSERT INTO `osce`.`standardized_patient` (`id`,`birthday`,`city`,`email`,`gender`,`height`,`immage_path`,`marital_status`,`mobile`,`name`,`postal_code`,`pre_name`,`social_insurance_no`,`street`,`telephone`,`telephone2`,`version`,`video_path`,`weight`,`work_permission`,`anamnesis_form`,`bank_account`,`descriptions`,`nationality`,`profession`) VALUES (129,'1945-01-21 00:00:00','Basel','spreng@sprengconsulting.ch',0,155,NULL,NULL,'079 453 34','Spreng Troller',4058,'Elisabeth','','Claraplatz 3','061 681 47 00',NULL,'0',NULL,56,NULL,129,129,NULL,5,129);
INSERT INTO `osce`.`standardized_patient` (`id`,`birthday`,`city`,`email`,`gender`,`height`,`immage_path`,`marital_status`,`mobile`,`name`,`postal_code`,`pre_name`,`social_insurance_no`,`street`,`telephone`,`telephone2`,`version`,`video_path`,`weight`,`work_permission`,`anamnesis_form`,`bank_account`,`descriptions`,`nationality`,`profession`) VALUES (130,'1953-03-17 00:00:00','Schopfheim','stinestahl@gmx.de',0,0,NULL,NULL,'0049 1578 7700901','Stahl',0,'Christine','','Kirchstr. 7','0049 7622 7191',NULL,'0',NULL,0,NULL,130,130,NULL,6,22);
INSERT INTO `osce`.`standardized_patient` (`id`,`birthday`,`city`,`email`,`gender`,`height`,`immage_path`,`marital_status`,`mobile`,`name`,`postal_code`,`pre_name`,`social_insurance_no`,`street`,`telephone`,`telephone2`,`version`,`video_path`,`weight`,`work_permission`,`anamnesis_form`,`bank_account`,`descriptions`,`nationality`,`profession`) VALUES (131,'1987-06-15 00:00:00','Schopfheim','lisastahl@gmx.net',0,167,NULL,NULL,'','Stahl',0,'Lisa','','Kirchstr. 7','0049 7622 7191',NULL,'0',NULL,60,NULL,131,131,NULL,6,22);
INSERT INTO `osce`.`standardized_patient` (`id`,`birthday`,`city`,`email`,`gender`,`height`,`immage_path`,`marital_status`,`mobile`,`name`,`postal_code`,`pre_name`,`social_insurance_no`,`street`,`telephone`,`telephone2`,`version`,`video_path`,`weight`,`work_permission`,`anamnesis_form`,`bank_account`,`descriptions`,`nationality`,`profession`) VALUES (132,'1991-01-16 00:00:00','Schopfheim','jelenasteiger@web.de',0,167,NULL,NULL,'0049 162 488 26 98','Steiger',0,'Jelena','','Hauptstrasse 171b','0049 7622 647 43',NULL,'0',NULL,55,NULL,132,132,NULL,6,22);
INSERT INTO `osce`.`standardized_patient` (`id`,`birthday`,`city`,`email`,`gender`,`height`,`immage_path`,`marital_status`,`mobile`,`name`,`postal_code`,`pre_name`,`social_insurance_no`,`street`,`telephone`,`telephone2`,`version`,`video_path`,`weight`,`work_permission`,`anamnesis_form`,`bank_account`,`descriptions`,`nationality`,`profession`) VALUES (133,'1991-03-03 00:00:00','Derendingen','Sandro.Stocker@gmx.ch',0,172,NULL,NULL,'','Stocker',4552,'Sandro','756.2333.931','Steinmattstrasse 41','032 682 32 73',NULL,'0',NULL,65,NULL,133,133,NULL,5,22);
INSERT INTO `osce`.`standardized_patient` (`id`,`birthday`,`city`,`email`,`gender`,`height`,`immage_path`,`marital_status`,`mobile`,`name`,`postal_code`,`pre_name`,`social_insurance_no`,`street`,`telephone`,`telephone2`,`version`,`video_path`,`weight`,`work_permission`,`anamnesis_form`,`bank_account`,`descriptions`,`nationality`,`profession`) VALUES (134,'1978-07-16 00:00:00','Allschwil','jmp.strahm@gmail.com',0,177,NULL,NULL,'795617822','Strahm',4123,'Jenny','756.4980.830','Weiherweg 1','',NULL,'0',NULL,72,NULL,134,134,NULL,5,134);
INSERT INTO `osce`.`standardized_patient` (`id`,`birthday`,`city`,`email`,`gender`,`height`,`immage_path`,`marital_status`,`mobile`,`name`,`postal_code`,`pre_name`,`social_insurance_no`,`street`,`telephone`,`telephone2`,`version`,`video_path`,`weight`,`work_permission`,`anamnesis_form`,`bank_account`,`descriptions`,`nationality`,`profession`) VALUES (135,'1973-08-18 00:00:00','Basel','pia.suter@hotmail.com',0,164,NULL,NULL,'079 370 27 77','Suter',4058,'Pia','756.4476.263','Grenzacherstr. 477','061 271 05 79',NULL,'0',NULL,54,NULL,135,135,NULL,5,135);
INSERT INTO `osce`.`standardized_patient` (`id`,`birthday`,`city`,`email`,`gender`,`height`,`immage_path`,`marital_status`,`mobile`,`name`,`postal_code`,`pre_name`,`social_insurance_no`,`street`,`telephone`,`telephone2`,`version`,`video_path`,`weight`,`work_permission`,`anamnesis_form`,`bank_account`,`descriptions`,`nationality`,`profession`) VALUES (136,'1959-03-12 00:00:00','Gempen','swierczynska@bluewin.ch',0,173,NULL,NULL,'079 296 02 31','Swierczynska',4145,'Gabriela','799.59.574.1','Thalmattweg 4','617016050',NULL,'0',NULL,63,NULL,136,136,NULL,5,136);
INSERT INTO `osce`.`standardized_patient` (`id`,`birthday`,`city`,`email`,`gender`,`height`,`immage_path`,`marital_status`,`mobile`,`name`,`postal_code`,`pre_name`,`social_insurance_no`,`street`,`telephone`,`telephone2`,`version`,`video_path`,`weight`,`work_permission`,`anamnesis_form`,`bank_account`,`descriptions`,`nationality`,`profession`) VALUES (137,'1986-04-16 00:00:00','Dornach','Christian.urech@gmail.com',0,185,NULL,NULL,'076 2634169','Urech',4143,'Christian','756.7074.024','Lehmenweg 13','061 702 28 29',NULL,'0',NULL,70,NULL,137,137,NULL,5,2);
INSERT INTO `osce`.`standardized_patient` (`id`,`birthday`,`city`,`email`,`gender`,`height`,`immage_path`,`marital_status`,`mobile`,`name`,`postal_code`,`pre_name`,`social_insurance_no`,`street`,`telephone`,`telephone2`,`version`,`video_path`,`weight`,`work_permission`,`anamnesis_form`,`bank_account`,`descriptions`,`nationality`,`profession`) VALUES (138,'1954-02-05 00:00:00','Heuweiler','auschok@gmx.de',0,178,NULL,NULL,'0049 1601211952','Uschok',0,'Andreas','','Wiesenweg 5','0049 7666880466',NULL,'0',NULL,73,NULL,138,138,NULL,6,138);
INSERT INTO `osce`.`standardized_patient` (`id`,`birthday`,`city`,`email`,`gender`,`height`,`immage_path`,`marital_status`,`mobile`,`name`,`postal_code`,`pre_name`,`social_insurance_no`,`street`,`telephone`,`telephone2`,`version`,`video_path`,`weight`,`work_permission`,`anamnesis_form`,`bank_account`,`descriptions`,`nationality`,`profession`) VALUES (139,'1962-04-18 00:00:00','Köttingen','mirela.vernier@bluewin.ch',0,165,NULL,NULL,'076 5785090','Vernier',5024,'Mirela','','Haselrainstrasse 16','062 8271388',NULL,'0',NULL,63,NULL,139,139,NULL,5,22);
INSERT INTO `osce`.`standardized_patient` (`id`,`birthday`,`city`,`email`,`gender`,`height`,`immage_path`,`marital_status`,`mobile`,`name`,`postal_code`,`pre_name`,`social_insurance_no`,`street`,`telephone`,`telephone2`,`version`,`video_path`,`weight`,`work_permission`,`anamnesis_form`,`bank_account`,`descriptions`,`nationality`,`profession`) VALUES (140,'1990-08-15 00:00:00','Köln','laravoigt@gmx.de',0,0,NULL,NULL,'','Voigt',0,'Lara','','Niehler Kirchweg 220','0221 75914406',NULL,'0',NULL,0,NULL,140,140,NULL,6,2);
INSERT INTO `osce`.`standardized_patient` (`id`,`birthday`,`city`,`email`,`gender`,`height`,`immage_path`,`marital_status`,`mobile`,`name`,`postal_code`,`pre_name`,`social_insurance_no`,`street`,`telephone`,`telephone2`,`version`,`video_path`,`weight`,`work_permission`,`anamnesis_form`,`bank_account`,`descriptions`,`nationality`,`profession`) VALUES (141,'1900-01-01 00:00:00','Nuglar','jo_vo78@yahoo.de',0,0,NULL,NULL,'','Voigt',4412,'Johanna','','Ausserdorfstrasse','',NULL,'0',NULL,0,NULL,141,141,NULL,6,2);
INSERT INTO `osce`.`standardized_patient` (`id`,`birthday`,`city`,`email`,`gender`,`height`,`immage_path`,`marital_status`,`mobile`,`name`,`postal_code`,`pre_name`,`social_insurance_no`,`street`,`telephone`,`telephone2`,`version`,`video_path`,`weight`,`work_permission`,`anamnesis_form`,`bank_account`,`descriptions`,`nationality`,`profession`) VALUES (142,'1967-06-28 00:00:00','Basel','andrea.von.allmen@hispeed.ch',0,184,NULL,NULL,'762126021','von Allmen',4052,'Andrea','','Waldenburgerstrasse 17','612654010',NULL,'0',NULL,83,NULL,142,142,NULL,6,142);
INSERT INTO `osce`.`standardized_patient` (`id`,`birthday`,`city`,`email`,`gender`,`height`,`immage_path`,`marital_status`,`mobile`,`name`,`postal_code`,`pre_name`,`social_insurance_no`,`street`,`telephone`,`telephone2`,`version`,`video_path`,`weight`,`work_permission`,`anamnesis_form`,`bank_account`,`descriptions`,`nationality`,`profession`) VALUES (143,'1987-01-24 00:00:00','Basel','rahel.walser@unibas.ch',0,0,NULL,NULL,'','Walser',4051,'Rahel','','Eulerstrasse 56','',NULL,'0',NULL,0,NULL,143,143,NULL,5,22);
INSERT INTO `osce`.`standardized_patient` (`id`,`birthday`,`city`,`email`,`gender`,`height`,`immage_path`,`marital_status`,`mobile`,`name`,`postal_code`,`pre_name`,`social_insurance_no`,`street`,`telephone`,`telephone2`,`version`,`video_path`,`weight`,`work_permission`,`anamnesis_form`,`bank_account`,`descriptions`,`nationality`,`profession`) VALUES (144,'1965-10-23 00:00:00','Zwingen','chris.wanner@bluewin.ch',0,180,NULL,NULL,'079 24723 78','Wanner',4222,'Christian','','Kleebodenweg 1','617618840',NULL,'0',NULL,85,NULL,144,144,NULL,5,144);
INSERT INTO `osce`.`standardized_patient` (`id`,`birthday`,`city`,`email`,`gender`,`height`,`immage_path`,`marital_status`,`mobile`,`name`,`postal_code`,`pre_name`,`social_insurance_no`,`street`,`telephone`,`telephone2`,`version`,`video_path`,`weight`,`work_permission`,`anamnesis_form`,`bank_account`,`descriptions`,`nationality`,`profession`) VALUES (145,'1986-10-26 00:00:00','Schopfheim','walz1986@web.de',0,0,NULL,NULL,'','Walz',0,'Michi','','Feldbergstr. 12','0049 7622 63784',NULL,'0',NULL,0,NULL,145,145,NULL,6,22);
INSERT INTO `osce`.`standardized_patient` (`id`,`birthday`,`city`,`email`,`gender`,`height`,`immage_path`,`marital_status`,`mobile`,`name`,`postal_code`,`pre_name`,`social_insurance_no`,`street`,`telephone`,`telephone2`,`version`,`video_path`,`weight`,`work_permission`,`anamnesis_form`,`bank_account`,`descriptions`,`nationality`,`profession`) VALUES (146,'1970-12-17 00:00:00','Basel','wengerb@uhbs.ch',0,184,NULL,NULL,'keins','Wenger',4053,'Barbara','756.1881.123','Dornacherstrasse 73','613617215',NULL,'0',NULL,90,NULL,146,146,NULL,5,146);
INSERT INTO `osce`.`standardized_patient` (`id`,`birthday`,`city`,`email`,`gender`,`height`,`immage_path`,`marital_status`,`mobile`,`name`,`postal_code`,`pre_name`,`social_insurance_no`,`street`,`telephone`,`telephone2`,`version`,`video_path`,`weight`,`work_permission`,`anamnesis_form`,`bank_account`,`descriptions`,`nationality`,`profession`) VALUES (147,'1945-04-18 00:00:00','Riehen','bwildmey@swissonline.ch',0,157,NULL,NULL,'763666117','Wild Mey',4125,'Brunhilde','756.7772.805','Bettingerstrasse 253','616010297',NULL,'0',NULL,59,NULL,147,147,NULL,5,3);
INSERT INTO `osce`.`standardized_patient` (`id`,`birthday`,`city`,`email`,`gender`,`height`,`immage_path`,`marital_status`,`mobile`,`name`,`postal_code`,`pre_name`,`social_insurance_no`,`street`,`telephone`,`telephone2`,`version`,`video_path`,`weight`,`work_permission`,`anamnesis_form`,`bank_account`,`descriptions`,`nationality`,`profession`) VALUES (148,'1962-12-06 00:00:00','Birsfelden','paul.wisler@gmail.com',0,190,NULL,NULL,'793486508','Wisler',4127,'Paul','756.1676.178','Friedengasse 1','613124960',NULL,'0',NULL,92,NULL,148,148,NULL,5,148);
INSERT INTO `osce`.`standardized_patient` (`id`,`birthday`,`city`,`email`,`gender`,`height`,`immage_path`,`marital_status`,`mobile`,`name`,`postal_code`,`pre_name`,`social_insurance_no`,`street`,`telephone`,`telephone2`,`version`,`video_path`,`weight`,`work_permission`,`anamnesis_form`,`bank_account`,`descriptions`,`nationality`,`profession`) VALUES (149,'1965-04-24 00:00:00','Rheinhausen','elvira.zeiser@gmail.com',0,167,NULL,NULL,'0049 15115249579','Zeiser',0,'Elvira','','Im Schmidtsgrün 4','0049 7643934105',NULL,'0',NULL,72,NULL,149,NULL,NULL,6,25);
INSERT INTO `osce`.`standardized_patient` (`id`,`birthday`,`city`,`email`,`gender`,`height`,`immage_path`,`marital_status`,`mobile`,`name`,`postal_code`,`pre_name`,`social_insurance_no`,`street`,`telephone`,`telephone2`,`version`,`video_path`,`weight`,`work_permission`,`anamnesis_form`,`bank_account`,`descriptions`,`nationality`,`profession`) VALUES (150,'1960-02-24 00:00:00','Weil am Rhein','schleifnig@hotmail.com',0,160,NULL,NULL,'0049 15201871778','Schleifnig',0,'Isolde','','Hebelstrasse 20','0049 621570178',NULL,'0',NULL,89,NULL,150,NULL,NULL,6,150);